PRAGMA foreign_keys=OFF;
BEGIN TRANSACTION;
CREATE TABLE "django_migrations" ("id" integer NOT NULL PRIMARY KEY AUTOINCREMENT, "app" varchar(255) NOT NULL, "name" varchar(255) NOT NULL, "applied" datetime NOT NULL);
INSERT INTO "django_migrations" VALUES(1,'contenttypes','0001_initial','2017-05-31 23:16:28.099253');
INSERT INTO "django_migrations" VALUES(2,'auth','0001_initial','2017-05-31 23:16:28.172148');
INSERT INTO "django_migrations" VALUES(3,'admin','0001_initial','2017-05-31 23:16:28.222959');
INSERT INTO "django_migrations" VALUES(4,'admin','0002_logentry_remove_auto_add','2017-05-31 23:16:28.276469');
INSERT INTO "django_migrations" VALUES(5,'contenttypes','0002_remove_content_type_name','2017-05-31 23:16:28.353150');
INSERT INTO "django_migrations" VALUES(6,'auth','0002_alter_permission_name_max_length','2017-05-31 23:16:28.395437');
INSERT INTO "django_migrations" VALUES(7,'auth','0003_alter_user_email_max_length','2017-05-31 23:16:28.456497');
INSERT INTO "django_migrations" VALUES(8,'auth','0004_alter_user_username_opts','2017-05-31 23:16:28.522705');
INSERT INTO "django_migrations" VALUES(9,'auth','0005_alter_user_last_login_null','2017-05-31 23:16:28.572923');
INSERT INTO "django_migrations" VALUES(10,'auth','0006_require_contenttypes_0002','2017-05-31 23:16:28.591336');
INSERT INTO "django_migrations" VALUES(11,'auth','0007_alter_validators_add_error_messages','2017-05-31 23:16:28.657722');
INSERT INTO "django_migrations" VALUES(12,'auth','0008_alter_user_username_max_length','2017-05-31 23:16:28.736776');
INSERT INTO "django_migrations" VALUES(13,'sessions','0001_initial','2017-05-31 23:16:28.780204');
INSERT INTO "django_migrations" VALUES(14,'blog','0001_initial','2017-05-31 23:49:37.109332');
INSERT INTO "django_migrations" VALUES(15,'blog','0002_comment','2017-06-06 00:39:54.645823');
INSERT INTO "django_migrations" VALUES(16,'taggit','0001_initial','2017-06-06 01:29:53.752377');
INSERT INTO "django_migrations" VALUES(17,'taggit','0002_auto_20150616_2121','2017-06-06 01:29:53.813306');
INSERT INTO "django_migrations" VALUES(18,'blog','0003_post_tags','2017-06-06 01:29:53.872331');
INSERT INTO "django_migrations" VALUES(19,'sites','0001_initial','2017-06-11 00:44:46.778399');
INSERT INTO "django_migrations" VALUES(20,'sites','0002_alter_domain_unique','2017-06-11 00:44:46.823780');
INSERT INTO "django_migrations" VALUES(21,'wagtailcore','0001_initial','2017-06-17 20:06:25.073757');
INSERT INTO "django_migrations" VALUES(22,'wagtailcore','0002_initial_data','2017-06-17 20:06:25.101314');
INSERT INTO "django_migrations" VALUES(23,'wagtailcore','0003_add_uniqueness_constraint_on_group_page_permission','2017-06-17 20:06:25.117610');
INSERT INTO "django_migrations" VALUES(24,'wagtailcore','0004_page_locked','2017-06-17 20:06:25.134951');
INSERT INTO "django_migrations" VALUES(25,'wagtailcore','0005_add_page_lock_permission_to_moderators','2017-06-17 20:06:25.151821');
INSERT INTO "django_migrations" VALUES(26,'wagtailcore','0006_add_lock_page_permission','2017-06-17 20:06:25.169968');
INSERT INTO "django_migrations" VALUES(27,'wagtailcore','0007_page_latest_revision_created_at','2017-06-17 20:06:25.187803');
INSERT INTO "django_migrations" VALUES(28,'wagtailcore','0008_populate_latest_revision_created_at','2017-06-17 20:06:25.206060');
INSERT INTO "django_migrations" VALUES(29,'wagtailcore','0009_remove_auto_now_add_from_pagerevision_created_at','2017-06-17 20:06:25.219550');
INSERT INTO "django_migrations" VALUES(30,'wagtailcore','0010_change_page_owner_to_null_on_delete','2017-06-17 20:06:25.238271');
INSERT INTO "django_migrations" VALUES(31,'wagtailcore','0011_page_first_published_at','2017-06-17 20:06:25.256715');
INSERT INTO "django_migrations" VALUES(32,'wagtailcore','0012_extend_page_slug_field','2017-06-17 20:06:25.273241');
INSERT INTO "django_migrations" VALUES(33,'wagtailcore','0013_update_golive_expire_help_text','2017-06-17 20:06:25.291478');
INSERT INTO "django_migrations" VALUES(34,'wagtailcore','0014_add_verbose_name','2017-06-17 20:06:25.310126');
INSERT INTO "django_migrations" VALUES(35,'wagtailcore','0015_add_more_verbose_names','2017-06-17 20:06:25.329154');
INSERT INTO "django_migrations" VALUES(36,'wagtailcore','0016_change_page_url_path_to_text_field','2017-06-17 20:06:25.346153');
INSERT INTO "django_migrations" VALUES(37,'wagtailcore','0017_change_edit_page_permission_description','2017-06-17 20:06:25.410360');
INSERT INTO "django_migrations" VALUES(38,'wagtailcore','0018_pagerevision_submitted_for_moderation_index','2017-06-17 20:06:25.466167');
INSERT INTO "django_migrations" VALUES(39,'wagtailcore','0019_verbose_names_cleanup','2017-06-17 20:06:25.585868');
INSERT INTO "django_migrations" VALUES(40,'wagtailcore','0020_add_index_on_page_first_published_at','2017-06-17 20:06:25.681960');
INSERT INTO "django_migrations" VALUES(41,'wagtailcore','0021_capitalizeverbose','2017-06-17 20:06:26.698583');
INSERT INTO "django_migrations" VALUES(42,'wagtailcore','0022_add_site_name','2017-06-17 20:06:26.757400');
INSERT INTO "django_migrations" VALUES(43,'wagtailcore','0023_alter_page_revision_on_delete_behaviour','2017-06-17 20:06:26.833549');
INSERT INTO "django_migrations" VALUES(44,'wagtailcore','0024_collection','2017-06-17 20:06:26.877282');
INSERT INTO "django_migrations" VALUES(45,'wagtailcore','0025_collection_initial_data','2017-06-17 20:06:26.945329');
INSERT INTO "django_migrations" VALUES(46,'wagtailcore','0026_group_collection_permission','2017-06-17 20:06:27.033423');
INSERT INTO "django_migrations" VALUES(47,'wagtailadmin','0001_create_admin_access_permissions','2017-06-17 20:06:27.120750');
INSERT INTO "django_migrations" VALUES(48,'wagtailcore','0027_fix_collection_path_collation','2017-06-17 20:06:27.204512');
INSERT INTO "django_migrations" VALUES(49,'wagtailcore','0024_alter_page_content_type_on_delete_behaviour','2017-06-17 20:06:27.264300');
INSERT INTO "django_migrations" VALUES(50,'wagtailcore','0028_merge','2017-06-17 20:06:27.284531');
INSERT INTO "django_migrations" VALUES(51,'wagtailcore','0029_unicode_slugfield_dj19','2017-06-17 20:06:27.348362');
INSERT INTO "django_migrations" VALUES(52,'wagtailcore','0030_index_on_pagerevision_created_at','2017-06-17 20:06:27.423003');
INSERT INTO "django_migrations" VALUES(53,'wagtailcore','0031_add_page_view_restriction_types','2017-06-17 20:06:27.538279');
INSERT INTO "django_migrations" VALUES(54,'wagtailcore','0032_add_bulk_delete_page_permission','2017-06-17 20:06:27.623600');
INSERT INTO "django_migrations" VALUES(55,'wagtailcore','0033_remove_golive_expiry_help_text','2017-06-17 20:06:27.732866');
INSERT INTO "django_migrations" VALUES(56,'wagtaildocs','0001_initial','2017-06-17 20:06:27.793515');
INSERT INTO "django_migrations" VALUES(57,'wagtaildocs','0002_initial_data','2017-06-17 20:06:27.900988');
INSERT INTO "django_migrations" VALUES(58,'wagtaildocs','0003_add_verbose_names','2017-06-17 20:06:28.007167');
INSERT INTO "django_migrations" VALUES(59,'wagtaildocs','0004_capitalizeverbose','2017-06-17 20:06:28.198166');
INSERT INTO "django_migrations" VALUES(60,'wagtaildocs','0005_document_collection','2017-06-17 20:06:28.282841');
INSERT INTO "django_migrations" VALUES(61,'wagtaildocs','0006_copy_document_permissions_to_collections','2017-06-17 20:06:28.373090');
INSERT INTO "django_migrations" VALUES(62,'wagtaildocs','0005_alter_uploaded_by_user_on_delete_action','2017-06-17 20:06:28.444641');
INSERT INTO "django_migrations" VALUES(63,'wagtaildocs','0007_merge','2017-06-17 20:06:28.494802');
INSERT INTO "django_migrations" VALUES(64,'wagtailembeds','0001_initial','2017-06-17 20:06:28.540736');
INSERT INTO "django_migrations" VALUES(65,'wagtailembeds','0002_add_verbose_names','2017-06-17 20:06:28.566422');
INSERT INTO "django_migrations" VALUES(66,'wagtailembeds','0003_capitalizeverbose','2017-06-17 20:06:28.590785');
INSERT INTO "django_migrations" VALUES(67,'wagtailforms','0001_initial','2017-06-17 20:06:28.665178');
INSERT INTO "django_migrations" VALUES(68,'wagtailforms','0002_add_verbose_names','2017-06-17 20:06:28.759688');
INSERT INTO "django_migrations" VALUES(69,'wagtailforms','0003_capitalizeverbose','2017-06-17 20:06:28.970208');
INSERT INTO "django_migrations" VALUES(70,'wagtailimages','0001_initial','2017-06-17 20:06:29.112883');
INSERT INTO "django_migrations" VALUES(71,'wagtailimages','0002_initial_data','2017-06-17 20:06:29.227579');
INSERT INTO "django_migrations" VALUES(72,'wagtailimages','0003_fix_focal_point_fields','2017-06-17 20:06:29.338851');
INSERT INTO "django_migrations" VALUES(73,'wagtailimages','0004_make_focal_point_key_not_nullable','2017-06-17 20:06:29.450199');
INSERT INTO "django_migrations" VALUES(74,'wagtailimages','0005_make_filter_spec_unique','2017-06-17 20:06:29.493501');
INSERT INTO "django_migrations" VALUES(75,'wagtailimages','0006_add_verbose_names','2017-06-17 20:06:29.653528');
INSERT INTO "django_migrations" VALUES(76,'wagtailimages','0007_image_file_size','2017-06-17 20:06:29.755045');
INSERT INTO "django_migrations" VALUES(77,'wagtailimages','0008_image_created_at_index','2017-06-17 20:06:29.825858');
INSERT INTO "django_migrations" VALUES(78,'wagtailimages','0009_capitalizeverbose','2017-06-17 20:06:30.131428');
INSERT INTO "django_migrations" VALUES(79,'wagtailimages','0010_change_on_delete_behaviour','2017-06-17 20:06:30.234372');
INSERT INTO "django_migrations" VALUES(80,'wagtailimages','0011_image_collection','2017-06-17 20:06:30.317986');
INSERT INTO "django_migrations" VALUES(81,'wagtailimages','0012_copy_image_permissions_to_collections','2017-06-17 20:06:30.425943');
INSERT INTO "django_migrations" VALUES(82,'wagtailimages','0013_make_rendition_upload_callable','2017-06-17 20:06:30.472812');
INSERT INTO "django_migrations" VALUES(83,'wagtailimages','0014_add_filter_spec_field','2017-06-17 20:06:30.576619');
INSERT INTO "django_migrations" VALUES(84,'wagtailimages','0015_fill_filter_spec_field','2017-06-17 20:06:30.665599');
INSERT INTO "django_migrations" VALUES(85,'wagtailimages','0016_deprecate_rendition_filter_relation','2017-06-17 20:06:30.778719');
INSERT INTO "django_migrations" VALUES(86,'wagtailimages','0017_reduce_focal_point_key_max_length','2017-06-17 20:06:30.827462');
INSERT INTO "django_migrations" VALUES(87,'wagtailimages','0018_remove_rendition_filter','2017-06-17 20:06:30.918885');
INSERT INTO "django_migrations" VALUES(88,'wagtailimages','0019_delete_filter','2017-06-17 20:06:30.989142');
INSERT INTO "django_migrations" VALUES(89,'wagtailredirects','0001_initial','2017-06-17 20:06:31.201558');
INSERT INTO "django_migrations" VALUES(90,'wagtailredirects','0002_add_verbose_names','2017-06-17 20:06:31.316992');
INSERT INTO "django_migrations" VALUES(91,'wagtailredirects','0003_make_site_field_editable','2017-06-17 20:06:31.397006');
INSERT INTO "django_migrations" VALUES(92,'wagtailredirects','0004_set_unique_on_path_and_site','2017-06-17 20:06:31.489000');
INSERT INTO "django_migrations" VALUES(93,'wagtailredirects','0005_capitalizeverbose','2017-06-17 20:06:31.706537');
INSERT INTO "django_migrations" VALUES(94,'wagtailsearch','0001_initial','2017-06-17 20:06:31.894559');
INSERT INTO "django_migrations" VALUES(95,'wagtailsearch','0002_add_verbose_names','2017-06-17 20:06:32.028195');
INSERT INTO "django_migrations" VALUES(96,'wagtailsearch','0003_remove_editors_pick','2017-06-17 20:06:32.083861');
INSERT INTO "django_migrations" VALUES(97,'wagtailusers','0001_initial','2017-06-17 20:06:32.188110');
INSERT INTO "django_migrations" VALUES(98,'wagtailusers','0002_add_verbose_name_on_userprofile','2017-06-17 20:06:32.338924');
INSERT INTO "django_migrations" VALUES(99,'wagtailusers','0003_add_verbose_names','2017-06-17 20:06:32.408772');
INSERT INTO "django_migrations" VALUES(100,'wagtailusers','0004_capitalizeverbose','2017-06-17 20:06:32.546104');
INSERT INTO "django_migrations" VALUES(101,'wagtailusers','0005_make_related_name_wagtail_specific','2017-06-17 20:06:32.649446');
INSERT INTO "django_migrations" VALUES(102,'wagtailusers','0006_userprofile_prefered_language','2017-06-17 20:06:32.728187');
INSERT INTO "django_migrations" VALUES(103,'wagtailcore','0001_squashed_0016_change_page_url_path_to_text_field','2017-06-17 20:06:32.757956');
INSERT INTO "django_migrations" VALUES(104,'home','0001_initial','2017-06-17 20:27:59.110205');
INSERT INTO "django_migrations" VALUES(105,'wagtailgridder','0001_initial','2017-06-17 20:27:59.628866');
INSERT INTO "django_migrations" VALUES(106,'wagtailgridder','0002_griditem_landing_page_text','2017-06-17 20:27:59.726251');
INSERT INTO "django_migrations" VALUES(107,'wagtailgridder','0003_remove_griditem_target_url','2017-06-17 20:27:59.829505');
INSERT INTO "django_migrations" VALUES(108,'wagtailgridder','0004_auto_20161103_1446','2017-06-17 20:28:00.205168');
INSERT INTO "django_migrations" VALUES(109,'wagtailgridder','0005_auto_20161117_0715','2017-06-17 20:28:00.442125');
INSERT INTO "django_migrations" VALUES(110,'wagtailgridder','0006_auto_20170217_1354','2017-06-17 20:28:00.718953');
INSERT INTO "django_migrations" VALUES(111,'wagtailgridder','0007_auto_20170217_1404','2017-06-17 20:28:00.857175');
INSERT INTO "django_migrations" VALUES(112,'wagtailgridder','0008_auto_20170320_1707','2017-06-17 20:28:01.165975');
INSERT INTO "django_migrations" VALUES(113,'wagtailgridder','0009_gridindexpage_logo_image','2017-06-17 20:28:01.306937');
INSERT INTO "django_migrations" VALUES(114,'wagtailgridder','0010_auto_20170403_1347','2017-06-17 20:28:01.880096');
INSERT INTO "django_migrations" VALUES(115,'wagtailgridder','0011_auto_20170404_1454','2017-06-17 20:28:02.777060');
INSERT INTO "django_migrations" VALUES(116,'cms','0001_initial','2017-06-17 23:47:04.429072');
INSERT INTO "django_migrations" VALUES(117,'blog','0004_post_content','2017-07-01 22:53:02.038051');
INSERT INTO "django_migrations" VALUES(118,'blog','0005_post_short_text','2017-07-02 01:31:35.665642');
INSERT INTO "django_migrations" VALUES(119,'blog','0006_remove_post_content','2017-07-02 18:49:54.575728');
INSERT INTO "django_migrations" VALUES(120,'blog','0007_auto_20170702_1853','2017-07-02 18:53:45.361045');
INSERT INTO "django_migrations" VALUES(121,'blog','0008_auto_20170702_1903','2017-07-02 19:03:38.793058');
INSERT INTO "django_migrations" VALUES(122,'blog','0009_auto_20170702_1904','2017-07-02 19:05:12.622491');
INSERT INTO "django_migrations" VALUES(123,'blog','0010_auto_20170702_1905','2017-07-02 19:05:30.988239');
INSERT INTO "django_migrations" VALUES(124,'blog','0011_post_image','2017-07-02 19:28:32.853958');
INSERT INTO "django_migrations" VALUES(125,'blog','0012_post_content','2017-07-02 21:04:03.971756');
INSERT INTO "django_migrations" VALUES(126,'blog','0013_remove_post_content','2017-07-02 21:06:30.590408');
INSERT INTO "django_migrations" VALUES(127,'wagtailcore','0034_page_live_revision','2017-07-29 21:48:08.867800');
INSERT INTO "django_migrations" VALUES(128,'wagtailcore','0035_page_last_published_at','2017-07-29 21:48:08.992009');
INSERT INTO "django_migrations" VALUES(129,'wagtailcore','0036_populate_page_last_published_at','2017-07-29 21:48:09.088178');
INSERT INTO "django_migrations" VALUES(130,'wagtailcore','0037_set_page_owner_editable','2017-07-29 21:48:09.222202');
INSERT INTO "django_migrations" VALUES(131,'wagtailcore','0038_make_first_published_at_editable','2017-07-29 21:48:09.343177');
INSERT INTO "django_migrations" VALUES(132,'wagtailcore','0039_collectionviewrestriction','2017-07-29 21:48:09.568521');
INSERT INTO "django_migrations" VALUES(133,'wagtailgridder','0012_auto_20170607_1317','2017-07-29 21:48:09.710037');
INSERT INTO "django_migrations" VALUES(134,'homepage','0001_initial','2017-08-09 01:01:30.911271');
INSERT INTO "django_migrations" VALUES(135,'homepage','0002_auto_20170818_2050','2017-08-18 20:51:00.936343');
INSERT INTO "django_migrations" VALUES(136,'homepage','0003_auto_20170818_2303','2017-08-18 23:03:47.585404');
INSERT INTO "django_migrations" VALUES(137,'homepage','0004_about_color','2017-09-03 21:02:16.999037');
INSERT INTO "django_migrations" VALUES(138,'homepage','0005_auto_20170903_2106','2017-09-03 21:06:34.215095');
INSERT INTO "django_migrations" VALUES(139,'photologue','0001_initial','2017-09-17 00:36:19.931633');
INSERT INTO "django_migrations" VALUES(140,'photologue','0002_photosize_data','2017-09-17 00:36:20.084254');
INSERT INTO "django_migrations" VALUES(141,'photologue','0003_auto_20140822_1716','2017-09-17 00:36:20.273498');
INSERT INTO "django_migrations" VALUES(142,'photologue','0004_auto_20140915_1259','2017-09-17 00:36:20.512512');
INSERT INTO "django_migrations" VALUES(143,'photologue','0005_auto_20141027_1552','2017-09-17 00:36:20.564894');
INSERT INTO "django_migrations" VALUES(144,'photologue','0006_auto_20141028_2005','2017-09-17 00:36:20.697235');
INSERT INTO "django_migrations" VALUES(145,'photologue','0007_auto_20150404_1737','2017-09-17 00:36:20.868774');
INSERT INTO "django_migrations" VALUES(146,'photologue','0008_auto_20150509_1557','2017-09-17 00:36:21.023347');
INSERT INTO "django_migrations" VALUES(147,'photologue','0009_auto_20160102_0904','2017-09-17 00:36:21.112328');
INSERT INTO "django_migrations" VALUES(148,'photologue','0010_auto_20160105_1307','2017-09-17 00:36:21.284812');
INSERT INTO "django_migrations" VALUES(149,'homepage','0006_skill','2017-11-09 01:13:56.768781');
INSERT INTO "django_migrations" VALUES(150,'homepage','0007_skill_css_class','2017-11-09 01:26:45.414134');
INSERT INTO "django_migrations" VALUES(151,'homepage','0008_testimonial','2017-11-09 01:36:22.473349');
INSERT INTO "django_migrations" VALUES(152,'homepage','0009_partner','2017-11-12 00:55:57.130403');
INSERT INTO "django_migrations" VALUES(153,'homepage','0010_auto_20171112_0100','2017-11-12 01:00:37.479121');
INSERT INTO "django_migrations" VALUES(154,'homepage','0011_title','2017-11-17 20:29:02.508490');
INSERT INTO "django_migrations" VALUES(155,'homepage','0012_title_color_class','2017-11-18 00:04:25.898789');
INSERT INTO "django_migrations" VALUES(156,'homepage','0013_auto_20171118_0004','2017-11-18 00:04:26.012058');
INSERT INTO "django_migrations" VALUES(157,'homepage','0014_whatwedo','2017-11-25 23:02:08.229787');
INSERT INTO "django_migrations" VALUES(158,'homepage','0015_howwedo','2017-11-25 23:49:48.554026');
INSERT INTO "django_migrations" VALUES(159,'wagtailcore','0040_page_draft_title','2017-11-27 17:47:01.617824');
INSERT INTO "django_migrations" VALUES(160,'cms','0002_auto_20171201_0211','2017-12-01 02:11:29.495821');
CREATE TABLE "auth_group" ("id" integer NOT NULL PRIMARY KEY AUTOINCREMENT, "name" varchar(80) NOT NULL UNIQUE);
INSERT INTO "auth_group" VALUES(2,'Editors');
INSERT INTO "auth_group" VALUES(1,'Moderators');
CREATE TABLE "auth_group_permissions" ("id" integer NOT NULL PRIMARY KEY AUTOINCREMENT, "group_id" integer NOT NULL REFERENCES "auth_group" ("id"), "permission_id" integer NOT NULL REFERENCES "auth_permission" ("id"));
INSERT INTO "auth_group_permissions" VALUES(2,1,34);
INSERT INTO "auth_group_permissions" VALUES(6,1,35);
INSERT INTO "auth_group_permissions" VALUES(7,1,36);
INSERT INTO "auth_group_permissions" VALUES(8,1,37);
INSERT INTO "auth_group_permissions" VALUES(13,1,38);
INSERT INTO "auth_group_permissions" VALUES(14,1,39);
INSERT INTO "auth_group_permissions" VALUES(12,1,40);
INSERT INTO "auth_group_permissions" VALUES(1,2,34);
INSERT INTO "auth_group_permissions" VALUES(3,2,35);
INSERT INTO "auth_group_permissions" VALUES(4,2,36);
INSERT INTO "auth_group_permissions" VALUES(5,2,37);
INSERT INTO "auth_group_permissions" VALUES(10,2,38);
INSERT INTO "auth_group_permissions" VALUES(11,2,39);
INSERT INTO "auth_group_permissions" VALUES(9,2,40);
CREATE TABLE "auth_user_groups" ("id" integer NOT NULL PRIMARY KEY AUTOINCREMENT, "user_id" integer NOT NULL REFERENCES "auth_user" ("id"), "group_id" integer NOT NULL REFERENCES "auth_group" ("id"));
CREATE TABLE "auth_user_user_permissions" ("id" integer NOT NULL PRIMARY KEY AUTOINCREMENT, "user_id" integer NOT NULL REFERENCES "auth_user" ("id"), "permission_id" integer NOT NULL REFERENCES "auth_permission" ("id"));
CREATE TABLE "django_admin_log" ("id" integer NOT NULL PRIMARY KEY AUTOINCREMENT, "object_id" text NULL, "object_repr" varchar(200) NOT NULL, "action_flag" smallint unsigned NOT NULL, "change_message" text NOT NULL, "content_type_id" integer NULL REFERENCES "django_content_type" ("id"), "user_id" integer NOT NULL REFERENCES "auth_user" ("id"), "action_time" datetime NOT NULL);
INSERT INTO "django_admin_log" VALUES(1,'1','Django Demo',1,'[{"added": {}}]',7,1,'2017-06-01 00:06:48.330252');
INSERT INTO "django_admin_log" VALUES(2,'2','Second Post',1,'[{"added": {}}]',7,1,'2017-06-01 00:07:52.048212');
INSERT INTO "django_admin_log" VALUES(3,'1','Django Demo',2,'Changed status.',7,1,'2017-06-03 22:07:33.169939');
INSERT INTO "django_admin_log" VALUES(4,'1','Comment by JeremyG on 2nd time',2,'[{"changed": {"fields": ["body"]}}]',8,1,'2017-06-06 01:13:10.387582');
INSERT INTO "django_admin_log" VALUES(5,'2','Second Post',2,'[{"changed": {"fields": ["tags"]}}]',7,1,'2017-06-06 01:34:00.579652');
INSERT INTO "django_admin_log" VALUES(6,'4','2nd time',2,'[{"changed": {"fields": ["status", "tags"]}}]',7,1,'2017-06-07 00:52:34.463115');
INSERT INTO "django_admin_log" VALUES(7,'5','Markdown Example',1,'[{"added": {}}]',7,1,'2017-06-11 00:22:57.375384');
INSERT INTO "django_admin_log" VALUES(8,'2','vagrant.wharton.upenn.edu:8000',1,'[{"added": {}}]',11,1,'2017-06-11 00:59:36.242659');
INSERT INTO "django_admin_log" VALUES(9,'2','Second Post',2,'[{"changed": {"fields": ["content", "tags"]}}]',7,1,'2017-07-01 22:53:53.652600');
INSERT INTO "django_admin_log" VALUES(10,'2','Second Post',2,'[{"changed": {"fields": ["status", "tags"]}}]',7,1,'2017-07-01 22:54:12.961217');
INSERT INTO "django_admin_log" VALUES(11,'3','One for the road',2,'[{"changed": {"fields": ["content", "tags"]}}]',7,1,'2017-07-02 00:49:15.134566');
INSERT INTO "django_admin_log" VALUES(12,'1','Django Demo',2,'[{"changed": {"fields": ["content", "tags"]}}]',7,1,'2017-07-02 00:53:07.167740');
INSERT INTO "django_admin_log" VALUES(13,'5','Markdown Example',2,'[{"changed": {"fields": ["content", "short_text", "tags"]}}]',7,1,'2017-07-02 01:33:04.281568');
INSERT INTO "django_admin_log" VALUES(14,'5','Markdown Example',2,'[{"changed": {"fields": ["body", "tags"]}}]',7,1,'2017-07-02 19:00:05.222132');
INSERT INTO "django_admin_log" VALUES(15,'5','Markdown Example',2,'[{"changed": {"fields": ["body", "tags"]}}]',7,1,'2017-07-02 19:15:17.233959');
INSERT INTO "django_admin_log" VALUES(16,'5','Markdown Example',2,'[{"changed": {"fields": ["body", "tags"]}}]',7,1,'2017-07-02 19:17:25.431743');
INSERT INTO "django_admin_log" VALUES(17,'5','Markdown Example',2,'[{"changed": {"fields": ["body", "image", "tags"]}}]',7,1,'2017-07-02 19:30:18.104554');
INSERT INTO "django_admin_log" VALUES(18,'5','Markdown Example',2,'[{"changed": {"fields": ["body", "tags"]}}]',7,1,'2017-07-02 20:29:08.438707');
INSERT INTO "django_admin_log" VALUES(19,'5','Markdown Example',2,'[{"changed": {"fields": ["body", "tags"]}}]',7,1,'2017-07-02 20:41:38.540360');
INSERT INTO "django_admin_log" VALUES(20,'5','Markdown Example',2,'[{"changed": {"fields": ["body", "tags"]}}]',7,1,'2017-07-02 21:40:07.938879');
INSERT INTO "django_admin_log" VALUES(21,'5','Markdown Example',2,'[{"changed": {"fields": ["body", "short_description", "tags"]}}]',7,1,'2017-07-02 21:54:23.203037');
INSERT INTO "django_admin_log" VALUES(22,'1','About MarketingByE',1,'[{"added": {}}]',39,3,'2017-08-17 22:13:49.540538');
INSERT INTO "django_admin_log" VALUES(23,'1','About MarketingByE',2,'[{"changed": {"fields": ["image"]}}]',39,3,'2017-08-17 22:15:19.605878');
INSERT INTO "django_admin_log" VALUES(24,'1','Welcome to MarketingByE',1,'[{"added": {}}]',40,3,'2017-08-17 23:39:58.846208');
INSERT INTO "django_admin_log" VALUES(25,'1','CLEAN CODE',1,'[{"added": {}}]',41,3,'2017-08-17 23:41:28.924724');
INSERT INTO "django_admin_log" VALUES(26,'2','RESPONSIVE DESIGN',1,'[{"added": {}}]',41,3,'2017-08-17 23:41:54.858926');
INSERT INTO "django_admin_log" VALUES(27,'3','FREE SUPPORT & UPDATE',1,'[{"added": {}}]',41,3,'2017-08-17 23:42:12.211783');
INSERT INTO "django_admin_log" VALUES(28,'1','Elena W',1,'[{"added": {}}]',42,3,'2017-08-17 23:50:14.741160');
INSERT INTO "django_admin_log" VALUES(29,'2','Jeremy G',1,'[{"added": {}}]',42,3,'2017-08-17 23:51:45.901066');
INSERT INTO "django_admin_log" VALUES(30,'3','Roger D',1,'[{"added": {}}]',42,3,'2017-08-17 23:52:16.097680');
INSERT INTO "django_admin_log" VALUES(31,'4','Whitney C',1,'[{"added": {}}]',42,3,'2017-08-17 23:53:39.575451');
INSERT INTO "django_admin_log" VALUES(32,'3','Roger D',2,'[{"changed": {"fields": ["person_title"]}}]',42,3,'2017-08-17 23:53:58.347807');
INSERT INTO "django_admin_log" VALUES(33,'2','Jeremy G',2,'[{"changed": {"fields": ["person_title"]}}]',42,3,'2017-08-17 23:54:06.560844');
INSERT INTO "django_admin_log" VALUES(34,'1','About MarketingByE',2,'[{"changed": {"fields": ["active"]}}]',39,3,'2017-08-18 20:51:45.742169');
INSERT INTO "django_admin_log" VALUES(35,'1','About MarketingByE',2,'[{"changed": {"fields": ["active"]}}]',39,3,'2017-08-18 20:51:53.736044');
INSERT INTO "django_admin_log" VALUES(36,'1','About MarketingByE',2,'[{"changed": {"fields": ["active"]}}]',39,3,'2017-08-18 20:52:52.838276');
INSERT INTO "django_admin_log" VALUES(37,'1','About MarketingByE',2,'[{"changed": {"fields": ["active"]}}]',39,3,'2017-08-18 20:53:00.150386');
INSERT INTO "django_admin_log" VALUES(38,'2','Services object',2,'[{"changed": {"fields": ["glyph_icon"]}}]',41,1,'2017-09-01 01:44:05.462737');
INSERT INTO "django_admin_log" VALUES(39,'3','Services object',2,'[{"changed": {"fields": ["glyph_icon"]}}]',41,1,'2017-09-01 01:44:16.597772');
INSERT INTO "django_admin_log" VALUES(40,'1','Services object',2,'[{"changed": {"fields": ["glyph_icon"]}}]',41,1,'2017-09-01 01:44:25.370084');
INSERT INTO "django_admin_log" VALUES(41,'4','Services object',1,'[{"added": {}}]',41,1,'2017-09-03 03:27:15.184925');
INSERT INTO "django_admin_log" VALUES(42,'1','About object',2,'[]',39,1,'2017-09-03 03:52:20.527442');
INSERT INTO "django_admin_log" VALUES(43,'1','About object',2,'[{"changed": {"fields": ["image"]}}]',39,1,'2017-09-03 04:37:57.012084');
INSERT INTO "django_admin_log" VALUES(44,'1','About object',2,'[{"changed": {"fields": ["image"]}}]',39,1,'2017-09-03 04:52:02.190755');
INSERT INTO "django_admin_log" VALUES(45,'1','About object',2,'[{"changed": {"fields": ["image"]}}]',39,1,'2017-09-03 04:56:18.621522');
INSERT INTO "django_admin_log" VALUES(46,'1','About object',2,'[{"changed": {"fields": ["about_headline_text"]}}]',39,1,'2017-09-03 04:57:25.641462');
INSERT INTO "django_admin_log" VALUES(47,'1','About object',2,'[{"changed": {"fields": ["about_headline_text"]}}]',39,1,'2017-09-03 04:57:53.114907');
INSERT INTO "django_admin_log" VALUES(48,'1','Marquee object',2,'[{"changed": {"fields": ["color"]}}]',40,1,'2017-09-03 21:07:52.780407');
INSERT INTO "django_admin_log" VALUES(49,'1','Marquee object',2,'[{"changed": {"fields": ["image"]}}]',40,1,'2017-09-03 21:12:28.041658');
INSERT INTO "django_admin_log" VALUES(50,'5','Markdown Example',2,'[{"changed": {"fields": ["image", "tags"]}}]',7,1,'2017-09-06 23:56:49.862764');
INSERT INTO "django_admin_log" VALUES(51,'4','2nd time',2,'[{"changed": {"fields": ["body", "image", "tags"]}}]',7,1,'2017-09-06 23:57:03.669219');
INSERT INTO "django_admin_log" VALUES(52,'3','One for the road',2,'[{"changed": {"fields": ["body", "image", "tags"]}}]',7,1,'2017-09-06 23:57:17.247597');
INSERT INTO "django_admin_log" VALUES(53,'3','One for the road',2,'[{"changed": {"fields": ["image", "tags"]}}]',7,1,'2017-09-06 23:57:17.426721');
INSERT INTO "django_admin_log" VALUES(54,'2','Services object',2,'[{"changed": {"fields": ["glyph_icon"]}}]',41,1,'2017-09-07 23:33:12.677268');
INSERT INTO "django_admin_log" VALUES(55,'3','Services object',2,'[{"changed": {"fields": ["glyph_icon"]}}]',41,1,'2017-09-07 23:39:55.986338');
INSERT INTO "django_admin_log" VALUES(56,'1','Services object',2,'[{"changed": {"fields": ["glyph_icon"]}}]',41,1,'2017-09-07 23:40:23.995048');
INSERT INTO "django_admin_log" VALUES(57,'2','Services object',2,'[{"changed": {"fields": ["glyph_icon"]}}]',41,1,'2017-09-07 23:41:35.650996');
INSERT INTO "django_admin_log" VALUES(58,'2','Services object',2,'[{"changed": {"fields": ["services_body"]}}]',41,1,'2017-09-08 00:14:45.371300');
INSERT INTO "django_admin_log" VALUES(59,'2','Services object',2,'[{"changed": {"fields": ["release_date"]}}]',41,1,'2017-09-08 00:15:08.153556');
INSERT INTO "django_admin_log" VALUES(60,'1','Team object',2,'[{"changed": {"fields": ["release_date"]}}]',42,1,'2017-09-08 00:17:07.165104');
INSERT INTO "django_admin_log" VALUES(61,'4','Team object',2,'[{"changed": {"fields": ["image"]}}]',42,1,'2017-09-08 00:28:25.862756');
INSERT INTO "django_admin_log" VALUES(62,'3','Team object',2,'[{"changed": {"fields": ["name", "person_title", "bio", "image"]}}]',42,1,'2017-09-08 00:29:27.950321');
INSERT INTO "django_admin_log" VALUES(63,'2','Team object',2,'[{"changed": {"fields": ["image"]}}]',42,1,'2017-09-08 00:29:39.974314');
INSERT INTO "django_admin_log" VALUES(64,'1','Dog Days',1,'[{"added": {}}]',47,3,'2017-09-17 00:40:35.974329');
INSERT INTO "django_admin_log" VALUES(65,'1','Dogs',1,'[{"added": {}}]',46,3,'2017-09-17 00:40:51.073759');
INSERT INTO "django_admin_log" VALUES(66,'1','Dogs',2,'[]',46,3,'2017-09-17 00:41:37.207933');
INSERT INTO "django_admin_log" VALUES(67,'2','Cool Dogs',1,'[{"added": {}}]',47,3,'2017-09-17 00:42:09.038826');
INSERT INTO "django_admin_log" VALUES(68,'3','Chilling Dog',1,'[{"added": {}}]',47,3,'2017-09-17 00:42:36.967327');
INSERT INTO "django_admin_log" VALUES(69,'4','Smart Dog',1,'[{"added": {}}]',47,3,'2017-09-17 00:42:58.645303');
INSERT INTO "django_admin_log" VALUES(70,'1','Dogs',2,'[]',46,3,'2017-09-17 00:43:03.214773');
INSERT INTO "django_admin_log" VALUES(71,'1','About object',2,'[{"changed": {"fields": ["about_headline_text"]}}]',39,1,'2017-09-22 00:01:12.132116');
INSERT INTO "django_admin_log" VALUES(72,'1','About object',2,'[{"changed": {"fields": ["about_headline_text"]}}]',39,1,'2017-09-22 00:15:17.378441');
INSERT INTO "django_admin_log" VALUES(73,'2','thumbnail',2,'[{"changed": {"fields": ["width", "height"]}}]',43,1,'2017-09-22 00:42:27.741303');
INSERT INTO "django_admin_log" VALUES(74,'1','admin_thumbnail',2,'[{"changed": {"fields": ["width", "height"]}}]',43,1,'2017-09-22 00:43:09.314634');
INSERT INTO "django_admin_log" VALUES(75,'1','admin_thumbnail',2,'[{"changed": {"fields": ["width", "height"]}}]',43,1,'2017-09-22 00:43:40.810129');
INSERT INTO "django_admin_log" VALUES(76,'2','thumbnail',2,'[{"changed": {"fields": ["pre_cache"]}}]',43,1,'2017-09-22 00:44:34.402783');
INSERT INTO "django_admin_log" VALUES(77,'1','Skill object',1,'[{"added": {}}]',48,3,'2017-11-09 01:19:05.300933');
INSERT INTO "django_admin_log" VALUES(78,'2','Skill object',1,'[{"added": {}}]',48,3,'2017-11-09 01:19:20.519121');
INSERT INTO "django_admin_log" VALUES(79,'3','Skill object',1,'[{"added": {}}]',48,3,'2017-11-09 01:19:28.004093');
INSERT INTO "django_admin_log" VALUES(80,'4','Skill object',1,'[{"added": {}}]',48,3,'2017-11-09 01:19:33.498999');
INSERT INTO "django_admin_log" VALUES(81,'5','Skill object',1,'[{"added": {}}]',48,3,'2017-11-09 01:19:43.595163');
INSERT INTO "django_admin_log" VALUES(82,'6','Skill object',1,'[{"added": {}}]',48,3,'2017-11-09 01:19:49.156520');
INSERT INTO "django_admin_log" VALUES(83,'7','Skill object',1,'[{"added": {}}]',48,3,'2017-11-09 01:19:57.703032');
INSERT INTO "django_admin_log" VALUES(84,'8','Skill object',1,'[{"added": {}}]',48,3,'2017-11-09 01:20:04.507571');
INSERT INTO "django_admin_log" VALUES(85,'9','Skill object',1,'[{"added": {}}]',48,3,'2017-11-09 01:20:09.402495');
INSERT INTO "django_admin_log" VALUES(86,'2','Skill object',2,'[{"changed": {"fields": ["name"]}}]',48,3,'2017-11-09 01:20:28.080512');
INSERT INTO "django_admin_log" VALUES(87,'1','Skill object',2,'[{"changed": {"fields": ["name"]}}]',48,3,'2017-11-09 01:20:37.923111');
INSERT INTO "django_admin_log" VALUES(88,'9','Skill object',2,'[{"changed": {"fields": ["css_class"]}}]',48,3,'2017-11-09 01:27:34.507785');
INSERT INTO "django_admin_log" VALUES(89,'8','Skill object',2,'[{"changed": {"fields": ["css_class"]}}]',48,3,'2017-11-09 01:28:04.064191');
INSERT INTO "django_admin_log" VALUES(90,'7','Skill object',2,'[{"changed": {"fields": ["css_class"]}}]',48,3,'2017-11-09 01:28:16.402754');
INSERT INTO "django_admin_log" VALUES(91,'7','Skill object',2,'[]',48,3,'2017-11-09 01:28:22.128092');
INSERT INTO "django_admin_log" VALUES(92,'7','Skill object',2,'[]',48,3,'2017-11-09 01:28:23.185722');
INSERT INTO "django_admin_log" VALUES(93,'6','Skill object',2,'[{"changed": {"fields": ["css_class"]}}]',48,3,'2017-11-09 01:28:37.046134');
INSERT INTO "django_admin_log" VALUES(94,'4','Skill object',2,'[{"changed": {"fields": ["css_class"]}}]',48,3,'2017-11-09 01:28:49.371340');
INSERT INTO "django_admin_log" VALUES(95,'3','Skill object',2,'[{"changed": {"fields": ["css_class"]}}]',48,3,'2017-11-09 01:28:58.504815');
INSERT INTO "django_admin_log" VALUES(96,'2','Skill object',2,'[{"changed": {"fields": ["css_class"]}}]',48,3,'2017-11-09 01:29:08.491359');
INSERT INTO "django_admin_log" VALUES(97,'1','Skill object',2,'[{"changed": {"fields": ["css_class"]}}]',48,3,'2017-11-09 01:29:17.407726');
INSERT INTO "django_admin_log" VALUES(98,'5','Skill object',2,'[{"changed": {"fields": ["css_class"]}}]',48,3,'2017-11-09 01:29:32.388557');
INSERT INTO "django_admin_log" VALUES(99,'1','Testimonial object',1,'[{"added": {}}]',49,3,'2017-11-09 01:37:59.460766');
INSERT INTO "django_admin_log" VALUES(100,'2','Testimonial object',1,'[{"added": {}}]',49,3,'2017-11-09 01:38:18.055538');
INSERT INTO "django_admin_log" VALUES(101,'3','Testimonial object',1,'[{"added": {}}]',49,3,'2017-11-09 01:40:08.753842');
INSERT INTO "django_admin_log" VALUES(102,'4','Testimonial object',1,'[{"added": {}}]',49,3,'2017-11-09 01:53:58.987977');
INSERT INTO "django_admin_log" VALUES(103,'10','Skill object',1,'[{"added": {}}]',48,3,'2017-11-11 23:14:21.395354');
INSERT INTO "django_admin_log" VALUES(104,'4','Testimonial object',2,'[{"changed": {"fields": ["image"]}}]',49,3,'2017-11-11 23:43:51.691390');
INSERT INTO "django_admin_log" VALUES(105,'3','Testimonial object',2,'[{"changed": {"fields": ["image"]}}]',49,3,'2017-11-11 23:44:08.060162');
INSERT INTO "django_admin_log" VALUES(106,'3','Testimonial object',2,'[{"changed": {"fields": ["title"]}}]',49,3,'2017-11-11 23:44:43.785211');
INSERT INTO "django_admin_log" VALUES(107,'2','Testimonial object',2,'[{"changed": {"fields": ["image"]}}]',49,3,'2017-11-11 23:44:56.872050');
INSERT INTO "django_admin_log" VALUES(108,'1','Testimonial object',2,'[{"changed": {"fields": ["image"]}}]',49,3,'2017-11-11 23:45:09.452900');
INSERT INTO "django_admin_log" VALUES(109,'1','Dog Days',2,'[{"changed": {"fields": ["is_public"]}}]',47,3,'2017-11-12 00:27:31.619763');
INSERT INTO "django_admin_log" VALUES(110,'5','Max',1,'[{"added": {}}]',47,3,'2017-11-12 00:33:04.182375');
INSERT INTO "django_admin_log" VALUES(111,'6','Charlie',1,'[{"added": {}}]',47,3,'2017-11-12 00:33:46.441733');
INSERT INTO "django_admin_log" VALUES(112,'7','Buddy',1,'[{"added": {}}]',47,3,'2017-11-12 00:34:00.806343');
INSERT INTO "django_admin_log" VALUES(113,'8','Cooper',1,'[{"added": {}}]',47,3,'2017-11-12 00:34:15.509814');
INSERT INTO "django_admin_log" VALUES(114,'9','Bear',1,'[{"added": {}}]',47,3,'2017-11-12 00:34:31.278739');
INSERT INTO "django_admin_log" VALUES(115,'10','Bentley',1,'[{"added": {}}]',47,3,'2017-11-12 00:34:58.051062');
INSERT INTO "django_admin_log" VALUES(116,'11','Tucker',1,'[{"added": {}}]',47,3,'2017-11-12 00:35:12.026127');
INSERT INTO "django_admin_log" VALUES(117,'12','Winston',1,'[{"added": {}}]',47,3,'2017-11-12 00:35:26.477830');
INSERT INTO "django_admin_log" VALUES(118,'13','Hank',1,'[{"added": {}}]',47,3,'2017-11-12 00:36:26.729882');
INSERT INTO "django_admin_log" VALUES(119,'14','Loki',1,'[{"added": {}}]',47,3,'2017-11-12 00:36:45.599489');
INSERT INTO "django_admin_log" VALUES(120,'15','Marley',1,'[{"added": {}}]',47,3,'2017-11-12 00:37:30.370657');
INSERT INTO "django_admin_log" VALUES(121,'16','Jazzy',1,'[{"added": {}}]',47,3,'2017-11-12 00:38:03.228262');
INSERT INTO "django_admin_log" VALUES(122,'17','Moose',1,'[{"added": {}}]',47,3,'2017-11-12 00:38:24.090392');
INSERT INTO "django_admin_log" VALUES(123,'1','Dogs',2,'[]',46,3,'2017-11-12 00:39:12.096616');
INSERT INTO "django_admin_log" VALUES(124,'1','Partner object',1,'[{"added": {}}]',50,3,'2017-11-12 01:02:38.452254');
INSERT INTO "django_admin_log" VALUES(125,'2','Partner object',1,'[{"added": {}}]',50,3,'2017-11-12 01:03:16.808892');
INSERT INTO "django_admin_log" VALUES(126,'3','Partner object',1,'[{"added": {}}]',50,3,'2017-11-12 01:03:48.648200');
INSERT INTO "django_admin_log" VALUES(127,'4','Partner object',1,'[{"added": {}}]',50,3,'2017-11-12 01:04:17.579034');
INSERT INTO "django_admin_log" VALUES(128,'2','thumbnail',2,'[{"changed": {"fields": ["pre_cache"]}}]',43,3,'2017-11-17 18:15:44.356002');
INSERT INTO "django_admin_log" VALUES(129,'1','Title object',1,'[{"added": {}}]',51,3,'2017-11-17 20:33:02.195131');
INSERT INTO "django_admin_log" VALUES(130,'2','Title object',1,'[{"added": {}}]',51,3,'2017-11-17 20:33:16.093356');
INSERT INTO "django_admin_log" VALUES(131,'3','Title object',1,'[{"added": {}}]',51,3,'2017-11-17 20:33:27.454155');
INSERT INTO "django_admin_log" VALUES(132,'4','Title object',1,'[{"added": {}}]',51,3,'2017-11-17 20:33:39.932224');
INSERT INTO "django_admin_log" VALUES(133,'5','Title object',1,'[{"added": {}}]',51,3,'2017-11-17 20:33:51.662148');
INSERT INTO "django_admin_log" VALUES(134,'6','Title object',1,'[{"added": {}}]',51,3,'2017-11-17 20:34:01.180757');
INSERT INTO "django_admin_log" VALUES(135,'7','Title object',1,'[{"added": {}}]',51,3,'2017-11-17 20:34:31.374558');
INSERT INTO "django_admin_log" VALUES(136,'8','Title object',1,'[{"added": {}}]',51,3,'2017-11-17 20:34:46.527243');
INSERT INTO "django_admin_log" VALUES(137,'6','Title object',2,'[{"changed": {"fields": ["color_class"]}}]',51,3,'2017-11-18 00:06:45.517115');
INSERT INTO "django_admin_log" VALUES(138,'7','Title object',2,'[{"changed": {"fields": ["color_class"]}}]',51,3,'2017-11-18 00:07:10.742352');
INSERT INTO "django_admin_log" VALUES(139,'8','Title object',2,'[{"changed": {"fields": ["color_class"]}}]',51,3,'2017-11-18 00:07:23.521338');
INSERT INTO "django_admin_log" VALUES(140,'7','Title object',2,'[{"changed": {"fields": ["active"]}}]',51,3,'2017-11-25 21:09:53.243517');
INSERT INTO "django_admin_log" VALUES(141,'4','Title object',2,'[{"changed": {"fields": ["name", "color_class"]}}]',51,3,'2017-11-25 21:10:43.457048');
INSERT INTO "django_admin_log" VALUES(142,'8','Title object',2,'[{"changed": {"fields": ["active"]}}]',51,3,'2017-11-25 21:12:51.614782');
INSERT INTO "django_admin_log" VALUES(143,'6','Title object',2,'[{"changed": {"fields": ["active"]}}]',51,3,'2017-11-25 21:13:03.049650');
INSERT INTO "django_admin_log" VALUES(144,'8','Title object',2,'[]',51,3,'2017-11-25 21:14:10.747980');
INSERT INTO "django_admin_log" VALUES(145,'6','Title object',2,'[{"changed": {"fields": ["active"]}}]',51,3,'2017-11-25 21:14:35.986721');
INSERT INTO "django_admin_log" VALUES(146,'8','Title object',2,'[{"changed": {"fields": ["active"]}}]',51,3,'2017-11-25 21:14:44.962797');
INSERT INTO "django_admin_log" VALUES(147,'1','WhatWeDo object',1,'[{"added": {}}]',52,3,'2017-11-25 23:02:47.990330');
INSERT INTO "django_admin_log" VALUES(148,'9','Title object',1,'[{"added": {}}]',51,3,'2017-11-25 23:03:19.804914');
INSERT INTO "django_admin_log" VALUES(149,'9','Title object',2,'[{"changed": {"fields": ["name"]}}]',51,3,'2017-11-25 23:03:36.821240');
INSERT INTO "django_admin_log" VALUES(150,'10','Title object',1,'[{"added": {}}]',51,3,'2017-11-25 23:51:34.557229');
INSERT INTO "django_admin_log" VALUES(151,'1','HowWeDo object',1,'[{"added": {}}]',53,3,'2017-11-25 23:59:48.593978');
INSERT INTO "django_admin_log" VALUES(152,'2','HowWeDo object',1,'[{"added": {}}]',53,3,'2017-11-25 23:59:59.503903');
INSERT INTO "django_admin_log" VALUES(153,'3','HowWeDo object',1,'[{"added": {}}]',53,3,'2017-11-26 00:00:10.235650');
INSERT INTO "django_admin_log" VALUES(154,'4','HowWeDo object',1,'[{"added": {}}]',53,3,'2017-11-26 00:00:20.735386');
INSERT INTO "django_admin_log" VALUES(155,'2','HowWeDo object',2,'[{"changed": {"fields": ["image"]}}]',53,3,'2017-11-26 00:04:54.364987');
INSERT INTO "django_admin_log" VALUES(156,'3','HowWeDo object',2,'[{"changed": {"fields": ["image"]}}]',53,3,'2017-11-26 00:05:07.567608');
INSERT INTO "django_admin_log" VALUES(157,'4','HowWeDo object',2,'[{"changed": {"fields": ["image"]}}]',53,3,'2017-11-26 00:05:18.887537');
INSERT INTO "django_admin_log" VALUES(158,'1','HowWeDo object',2,'[{"changed": {"fields": ["image"]}}]',53,3,'2017-11-26 00:05:30.172767');
CREATE TABLE "django_content_type" ("id" integer NOT NULL PRIMARY KEY AUTOINCREMENT, "app_label" varchar(100) NOT NULL, "model" varchar(100) NOT NULL);
INSERT INTO "django_content_type" VALUES(1,'admin','logentry');
INSERT INTO "django_content_type" VALUES(4,'auth','group');
INSERT INTO "django_content_type" VALUES(2,'auth','permission');
INSERT INTO "django_content_type" VALUES(3,'auth','user');
INSERT INTO "django_content_type" VALUES(8,'blog','comment');
INSERT INTO "django_content_type" VALUES(7,'blog','post');
INSERT INTO "django_content_type" VALUES(37,'cms','blogpage');
INSERT INTO "django_content_type" VALUES(36,'cms','blogpagerelatedlink');
INSERT INTO "django_content_type" VALUES(35,'cms','comment');
INSERT INTO "django_content_type" VALUES(5,'contenttypes','contenttype');
INSERT INTO "django_content_type" VALUES(34,'home','homepage');
INSERT INTO "django_content_type" VALUES(39,'homepage','about');
INSERT INTO "django_content_type" VALUES(53,'homepage','howwedo');
INSERT INTO "django_content_type" VALUES(40,'homepage','marquee');
INSERT INTO "django_content_type" VALUES(50,'homepage','partner');
INSERT INTO "django_content_type" VALUES(41,'homepage','services');
INSERT INTO "django_content_type" VALUES(48,'homepage','skill');
INSERT INTO "django_content_type" VALUES(42,'homepage','team');
INSERT INTO "django_content_type" VALUES(49,'homepage','testimonial');
INSERT INTO "django_content_type" VALUES(51,'homepage','title');
INSERT INTO "django_content_type" VALUES(52,'homepage','whatwedo');
INSERT INTO "django_content_type" VALUES(46,'photologue','gallery');
INSERT INTO "django_content_type" VALUES(47,'photologue','photo');
INSERT INTO "django_content_type" VALUES(44,'photologue','photoeffect');
INSERT INTO "django_content_type" VALUES(43,'photologue','photosize');
INSERT INTO "django_content_type" VALUES(45,'photologue','watermark');
INSERT INTO "django_content_type" VALUES(6,'sessions','session');
INSERT INTO "django_content_type" VALUES(11,'sites','site');
INSERT INTO "django_content_type" VALUES(9,'taggit','tag');
INSERT INTO "django_content_type" VALUES(10,'taggit','taggeditem');
INSERT INTO "django_content_type" VALUES(13,'wagtailadmin','admin');
INSERT INTO "django_content_type" VALUES(27,'wagtailcore','collection');
INSERT INTO "django_content_type" VALUES(38,'wagtailcore','collectionviewrestriction');
INSERT INTO "django_content_type" VALUES(26,'wagtailcore','groupcollectionpermission');
INSERT INTO "django_content_type" VALUES(23,'wagtailcore','grouppagepermission');
INSERT INTO "django_content_type" VALUES(12,'wagtailcore','page');
INSERT INTO "django_content_type" VALUES(24,'wagtailcore','pagerevision');
INSERT INTO "django_content_type" VALUES(25,'wagtailcore','pageviewrestriction');
INSERT INTO "django_content_type" VALUES(28,'wagtailcore','site');
INSERT INTO "django_content_type" VALUES(14,'wagtaildocs','document');
INSERT INTO "django_content_type" VALUES(18,'wagtailembeds','embed');
INSERT INTO "django_content_type" VALUES(16,'wagtailforms','formsubmission');
INSERT INTO "django_content_type" VALUES(29,'wagtailgridder','gridcategory');
INSERT INTO "django_content_type" VALUES(30,'wagtailgridder','gridindexgriditemrelationship');
INSERT INTO "django_content_type" VALUES(33,'wagtailgridder','gridindexpage');
INSERT INTO "django_content_type" VALUES(32,'wagtailgridder','griditem');
INSERT INTO "django_content_type" VALUES(31,'wagtailgridder','griditemtag');
INSERT INTO "django_content_type" VALUES(15,'wagtailimages','image');
INSERT INTO "django_content_type" VALUES(20,'wagtailimages','rendition');
INSERT INTO "django_content_type" VALUES(17,'wagtailredirects','redirect');
INSERT INTO "django_content_type" VALUES(21,'wagtailsearch','query');
INSERT INTO "django_content_type" VALUES(22,'wagtailsearch','querydailyhits');
INSERT INTO "django_content_type" VALUES(19,'wagtailusers','userprofile');
CREATE TABLE "auth_permission" ("id" integer NOT NULL PRIMARY KEY AUTOINCREMENT, "content_type_id" integer NOT NULL REFERENCES "django_content_type" ("id"), "codename" varchar(100) NOT NULL, "name" varchar(255) NOT NULL);
INSERT INTO "auth_permission" VALUES(1,1,'add_logentry','Can add log entry');
INSERT INTO "auth_permission" VALUES(2,1,'change_logentry','Can change log entry');
INSERT INTO "auth_permission" VALUES(3,1,'delete_logentry','Can delete log entry');
INSERT INTO "auth_permission" VALUES(4,2,'add_permission','Can add permission');
INSERT INTO "auth_permission" VALUES(5,2,'change_permission','Can change permission');
INSERT INTO "auth_permission" VALUES(6,2,'delete_permission','Can delete permission');
INSERT INTO "auth_permission" VALUES(7,3,'add_user','Can add user');
INSERT INTO "auth_permission" VALUES(8,3,'change_user','Can change user');
INSERT INTO "auth_permission" VALUES(9,3,'delete_user','Can delete user');
INSERT INTO "auth_permission" VALUES(10,4,'add_group','Can add group');
INSERT INTO "auth_permission" VALUES(11,4,'change_group','Can change group');
INSERT INTO "auth_permission" VALUES(12,4,'delete_group','Can delete group');
INSERT INTO "auth_permission" VALUES(13,5,'add_contenttype','Can add content type');
INSERT INTO "auth_permission" VALUES(14,5,'change_contenttype','Can change content type');
INSERT INTO "auth_permission" VALUES(15,5,'delete_contenttype','Can delete content type');
INSERT INTO "auth_permission" VALUES(16,6,'add_session','Can add session');
INSERT INTO "auth_permission" VALUES(17,6,'change_session','Can change session');
INSERT INTO "auth_permission" VALUES(18,6,'delete_session','Can delete session');
INSERT INTO "auth_permission" VALUES(19,7,'add_post','Can add post');
INSERT INTO "auth_permission" VALUES(20,7,'change_post','Can change post');
INSERT INTO "auth_permission" VALUES(21,7,'delete_post','Can delete post');
INSERT INTO "auth_permission" VALUES(22,8,'add_comment','Can add comment');
INSERT INTO "auth_permission" VALUES(23,8,'change_comment','Can change comment');
INSERT INTO "auth_permission" VALUES(24,8,'delete_comment','Can delete comment');
INSERT INTO "auth_permission" VALUES(25,9,'add_tag','Can add Tag');
INSERT INTO "auth_permission" VALUES(26,9,'change_tag','Can change Tag');
INSERT INTO "auth_permission" VALUES(27,9,'delete_tag','Can delete Tag');
INSERT INTO "auth_permission" VALUES(28,10,'add_taggeditem','Can add Tagged Item');
INSERT INTO "auth_permission" VALUES(29,10,'change_taggeditem','Can change Tagged Item');
INSERT INTO "auth_permission" VALUES(30,10,'delete_taggeditem','Can delete Tagged Item');
INSERT INTO "auth_permission" VALUES(31,11,'add_site','Can add site');
INSERT INTO "auth_permission" VALUES(32,11,'change_site','Can change site');
INSERT INTO "auth_permission" VALUES(33,11,'delete_site','Can delete site');
INSERT INTO "auth_permission" VALUES(34,13,'access_admin','Can access Wagtail admin');
INSERT INTO "auth_permission" VALUES(35,14,'add_document','Can add document');
INSERT INTO "auth_permission" VALUES(36,14,'change_document','Can change document');
INSERT INTO "auth_permission" VALUES(37,14,'delete_document','Can delete document');
INSERT INTO "auth_permission" VALUES(38,15,'add_image','Can add image');
INSERT INTO "auth_permission" VALUES(39,15,'change_image','Can change image');
INSERT INTO "auth_permission" VALUES(40,15,'delete_image','Can delete image');
INSERT INTO "auth_permission" VALUES(41,16,'add_formsubmission','Can add form submission');
INSERT INTO "auth_permission" VALUES(42,16,'change_formsubmission','Can change form submission');
INSERT INTO "auth_permission" VALUES(43,16,'delete_formsubmission','Can delete form submission');
INSERT INTO "auth_permission" VALUES(44,17,'add_redirect','Can add redirect');
INSERT INTO "auth_permission" VALUES(45,17,'change_redirect','Can change redirect');
INSERT INTO "auth_permission" VALUES(46,17,'delete_redirect','Can delete redirect');
INSERT INTO "auth_permission" VALUES(47,18,'add_embed','Can add embed');
INSERT INTO "auth_permission" VALUES(48,18,'change_embed','Can change embed');
INSERT INTO "auth_permission" VALUES(49,18,'delete_embed','Can delete embed');
INSERT INTO "auth_permission" VALUES(50,19,'add_userprofile','Can add user profile');
INSERT INTO "auth_permission" VALUES(51,19,'change_userprofile','Can change user profile');
INSERT INTO "auth_permission" VALUES(52,19,'delete_userprofile','Can delete user profile');
INSERT INTO "auth_permission" VALUES(53,20,'add_rendition','Can add rendition');
INSERT INTO "auth_permission" VALUES(54,20,'change_rendition','Can change rendition');
INSERT INTO "auth_permission" VALUES(55,20,'delete_rendition','Can delete rendition');
INSERT INTO "auth_permission" VALUES(56,21,'add_query','Can add query');
INSERT INTO "auth_permission" VALUES(57,21,'change_query','Can change query');
INSERT INTO "auth_permission" VALUES(58,21,'delete_query','Can delete query');
INSERT INTO "auth_permission" VALUES(59,22,'add_querydailyhits','Can add Query Daily Hits');
INSERT INTO "auth_permission" VALUES(60,22,'change_querydailyhits','Can change Query Daily Hits');
INSERT INTO "auth_permission" VALUES(61,22,'delete_querydailyhits','Can delete Query Daily Hits');
INSERT INTO "auth_permission" VALUES(62,12,'add_page','Can add page');
INSERT INTO "auth_permission" VALUES(63,12,'change_page','Can change page');
INSERT INTO "auth_permission" VALUES(64,12,'delete_page','Can delete page');
INSERT INTO "auth_permission" VALUES(65,23,'add_grouppagepermission','Can add group page permission');
INSERT INTO "auth_permission" VALUES(66,23,'change_grouppagepermission','Can change group page permission');
INSERT INTO "auth_permission" VALUES(67,23,'delete_grouppagepermission','Can delete group page permission');
INSERT INTO "auth_permission" VALUES(68,24,'add_pagerevision','Can add page revision');
INSERT INTO "auth_permission" VALUES(69,24,'change_pagerevision','Can change page revision');
INSERT INTO "auth_permission" VALUES(70,24,'delete_pagerevision','Can delete page revision');
INSERT INTO "auth_permission" VALUES(71,25,'add_pageviewrestriction','Can add page view restriction');
INSERT INTO "auth_permission" VALUES(72,25,'change_pageviewrestriction','Can change page view restriction');
INSERT INTO "auth_permission" VALUES(73,25,'delete_pageviewrestriction','Can delete page view restriction');
INSERT INTO "auth_permission" VALUES(74,26,'add_groupcollectionpermission','Can add group collection permission');
INSERT INTO "auth_permission" VALUES(75,26,'change_groupcollectionpermission','Can change group collection permission');
INSERT INTO "auth_permission" VALUES(76,26,'delete_groupcollectionpermission','Can delete group collection permission');
INSERT INTO "auth_permission" VALUES(77,27,'add_collection','Can add collection');
INSERT INTO "auth_permission" VALUES(78,27,'change_collection','Can change collection');
INSERT INTO "auth_permission" VALUES(79,27,'delete_collection','Can delete collection');
INSERT INTO "auth_permission" VALUES(80,28,'add_site','Can add site');
INSERT INTO "auth_permission" VALUES(81,28,'change_site','Can change site');
INSERT INTO "auth_permission" VALUES(82,28,'delete_site','Can delete site');
INSERT INTO "auth_permission" VALUES(83,29,'add_gridcategory','Can add grid category');
INSERT INTO "auth_permission" VALUES(84,29,'change_gridcategory','Can change grid category');
INSERT INTO "auth_permission" VALUES(85,29,'delete_gridcategory','Can delete grid category');
INSERT INTO "auth_permission" VALUES(86,30,'add_gridindexgriditemrelationship','Can add grid index grid item relationship');
INSERT INTO "auth_permission" VALUES(87,30,'change_gridindexgriditemrelationship','Can change grid index grid item relationship');
INSERT INTO "auth_permission" VALUES(88,30,'delete_gridindexgriditemrelationship','Can delete grid index grid item relationship');
INSERT INTO "auth_permission" VALUES(89,31,'add_griditemtag','Can add grid item tag');
INSERT INTO "auth_permission" VALUES(90,31,'change_griditemtag','Can change grid item tag');
INSERT INTO "auth_permission" VALUES(91,31,'delete_griditemtag','Can delete grid item tag');
INSERT INTO "auth_permission" VALUES(92,32,'add_griditem','Can add Grid Item');
INSERT INTO "auth_permission" VALUES(93,32,'change_griditem','Can change Grid Item');
INSERT INTO "auth_permission" VALUES(94,32,'delete_griditem','Can delete Grid Item');
INSERT INTO "auth_permission" VALUES(95,33,'add_gridindexpage','Can add Grid Index Page');
INSERT INTO "auth_permission" VALUES(96,33,'change_gridindexpage','Can change Grid Index Page');
INSERT INTO "auth_permission" VALUES(97,33,'delete_gridindexpage','Can delete Grid Index Page');
INSERT INTO "auth_permission" VALUES(98,34,'add_homepage','Can add home page');
INSERT INTO "auth_permission" VALUES(99,34,'change_homepage','Can change home page');
INSERT INTO "auth_permission" VALUES(100,34,'delete_homepage','Can delete home page');
INSERT INTO "auth_permission" VALUES(101,35,'add_comment','Can add comment');
INSERT INTO "auth_permission" VALUES(102,35,'change_comment','Can change comment');
INSERT INTO "auth_permission" VALUES(103,35,'delete_comment','Can delete comment');
INSERT INTO "auth_permission" VALUES(104,36,'add_blogpagerelatedlink','Can add blog page related link');
INSERT INTO "auth_permission" VALUES(105,36,'change_blogpagerelatedlink','Can change blog page related link');
INSERT INTO "auth_permission" VALUES(106,36,'delete_blogpagerelatedlink','Can delete blog page related link');
INSERT INTO "auth_permission" VALUES(107,37,'add_blogpage','Can add blog page');
INSERT INTO "auth_permission" VALUES(108,37,'change_blogpage','Can change blog page');
INSERT INTO "auth_permission" VALUES(109,37,'delete_blogpage','Can delete blog page');
INSERT INTO "auth_permission" VALUES(110,38,'add_collectionviewrestriction','Can add collection view restriction');
INSERT INTO "auth_permission" VALUES(111,38,'change_collectionviewrestriction','Can change collection view restriction');
INSERT INTO "auth_permission" VALUES(112,38,'delete_collectionviewrestriction','Can delete collection view restriction');
INSERT INTO "auth_permission" VALUES(113,39,'add_about','Can add about');
INSERT INTO "auth_permission" VALUES(114,39,'change_about','Can change about');
INSERT INTO "auth_permission" VALUES(115,39,'delete_about','Can delete about');
INSERT INTO "auth_permission" VALUES(116,40,'add_marquee','Can add marquee');
INSERT INTO "auth_permission" VALUES(117,40,'change_marquee','Can change marquee');
INSERT INTO "auth_permission" VALUES(118,40,'delete_marquee','Can delete marquee');
INSERT INTO "auth_permission" VALUES(119,41,'add_services','Can add services');
INSERT INTO "auth_permission" VALUES(120,41,'change_services','Can change services');
INSERT INTO "auth_permission" VALUES(121,41,'delete_services','Can delete services');
INSERT INTO "auth_permission" VALUES(122,42,'add_team','Can add team');
INSERT INTO "auth_permission" VALUES(123,42,'change_team','Can change team');
INSERT INTO "auth_permission" VALUES(124,42,'delete_team','Can delete team');
INSERT INTO "auth_permission" VALUES(125,43,'add_photosize','Can add photo size');
INSERT INTO "auth_permission" VALUES(126,43,'change_photosize','Can change photo size');
INSERT INTO "auth_permission" VALUES(127,43,'delete_photosize','Can delete photo size');
INSERT INTO "auth_permission" VALUES(128,44,'add_photoeffect','Can add photo effect');
INSERT INTO "auth_permission" VALUES(129,44,'change_photoeffect','Can change photo effect');
INSERT INTO "auth_permission" VALUES(130,44,'delete_photoeffect','Can delete photo effect');
INSERT INTO "auth_permission" VALUES(131,45,'add_watermark','Can add watermark');
INSERT INTO "auth_permission" VALUES(132,45,'change_watermark','Can change watermark');
INSERT INTO "auth_permission" VALUES(133,45,'delete_watermark','Can delete watermark');
INSERT INTO "auth_permission" VALUES(134,46,'add_gallery','Can add gallery');
INSERT INTO "auth_permission" VALUES(135,46,'change_gallery','Can change gallery');
INSERT INTO "auth_permission" VALUES(136,46,'delete_gallery','Can delete gallery');
INSERT INTO "auth_permission" VALUES(137,47,'add_photo','Can add photo');
INSERT INTO "auth_permission" VALUES(138,47,'change_photo','Can change photo');
INSERT INTO "auth_permission" VALUES(139,47,'delete_photo','Can delete photo');
INSERT INTO "auth_permission" VALUES(140,48,'add_skill','Can add skill');
INSERT INTO "auth_permission" VALUES(141,48,'change_skill','Can change skill');
INSERT INTO "auth_permission" VALUES(142,48,'delete_skill','Can delete skill');
INSERT INTO "auth_permission" VALUES(143,49,'add_testimonial','Can add testimonial');
INSERT INTO "auth_permission" VALUES(144,49,'change_testimonial','Can change testimonial');
INSERT INTO "auth_permission" VALUES(145,49,'delete_testimonial','Can delete testimonial');
INSERT INTO "auth_permission" VALUES(146,50,'add_partner','Can add partner');
INSERT INTO "auth_permission" VALUES(147,50,'change_partner','Can change partner');
INSERT INTO "auth_permission" VALUES(148,50,'delete_partner','Can delete partner');
INSERT INTO "auth_permission" VALUES(149,51,'add_title','Can add title');
INSERT INTO "auth_permission" VALUES(150,51,'change_title','Can change title');
INSERT INTO "auth_permission" VALUES(151,51,'delete_title','Can delete title');
INSERT INTO "auth_permission" VALUES(152,52,'add_whatwedo','Can add what we do');
INSERT INTO "auth_permission" VALUES(153,52,'change_whatwedo','Can change what we do');
INSERT INTO "auth_permission" VALUES(154,52,'delete_whatwedo','Can delete what we do');
INSERT INTO "auth_permission" VALUES(155,53,'add_howwedo','Can add how we do');
INSERT INTO "auth_permission" VALUES(156,53,'change_howwedo','Can change how we do');
INSERT INTO "auth_permission" VALUES(157,53,'delete_howwedo','Can delete how we do');
CREATE TABLE "auth_user" ("id" integer NOT NULL PRIMARY KEY AUTOINCREMENT, "password" varchar(128) NOT NULL, "last_login" datetime NULL, "is_superuser" bool NOT NULL, "first_name" varchar(30) NOT NULL, "last_name" varchar(30) NOT NULL, "email" varchar(254) NOT NULL, "is_staff" bool NOT NULL, "is_active" bool NOT NULL, "date_joined" datetime NOT NULL, "username" varchar(150) NOT NULL UNIQUE);
INSERT INTO "auth_user" VALUES(1,'pbkdf2_sha256$36000$0GmAMovovU16$x3WvjfcfRkpNrHuYiQgKktJmI0+z8LNalAeUzV/K3q8=','2017-09-22 00:00:39.904021',1,'','','jeremygatens@gmail.com',1,1,'2017-05-31 23:57:31.276016','jgatens');
INSERT INTO "auth_user" VALUES(2,'pbkdf2_sha256$36000$8O1gK1vNtnk2$HDMKb/zk3HP0h25jmUgBOtbKlI01z7Y5Kiag3+vYTXE=','2017-06-17 23:01:35.662569',1,'','','jeremygatens@gmail.com',1,1,'2017-06-17 20:07:32.406381','gator3542');
INSERT INTO "auth_user" VALUES(3,'pbkdf2_sha256$36000$9XAewFkMuNE6$TqBxlbXkE5wZmSVbvqhlTK5J6VUNRzKcYgJny4XuJ70=','2017-12-05 23:14:01.809362',1,'','','jeremygatens@gmail.com',1,1,'2017-08-04 00:26:09.237585','gatensj');
CREATE TABLE "django_session" ("session_key" varchar(40) NOT NULL PRIMARY KEY, "session_data" text NOT NULL, "expire_date" datetime NOT NULL);
INSERT INTO "django_session" VALUES('tmnsqoa8p64uphpvxyfb0wexbkivssa6','OGVhMWY3YjNhNjJiNTZjNzc2NjMwYzQ2MDZkZjFiMDgxMmJmYmVjOTp7Il9hdXRoX3VzZXJfaWQiOiIxIiwiX2F1dGhfdXNlcl9oYXNoIjoiNWMxZTQ2MDQzZTJlNDE0MWUzODRkY2VhNTI3YjEyNDg1YTgxOWJlMiIsIl9hdXRoX3VzZXJfYmFja2VuZCI6ImRqYW5nby5jb250cmliLmF1dGguYmFja2VuZHMuTW9kZWxCYWNrZW5kIn0=','2017-06-14 23:58:09.420911');
INSERT INTO "django_session" VALUES('95czj2waidqoesk02mxdep0spd5qn246','ZTk0YjE0MWQ5YTRkMDNhMGZlYjE3ZDdhZTJmNjljYjZhN2FkYjRlNzp7Il9hdXRoX3VzZXJfaGFzaCI6IjI4MGFlYmM3NTcyZTIwZWE5OTlkMDExMWM0Y2U5ZDk1MTkzYTUwOWMiLCJfYXV0aF91c2VyX2JhY2tlbmQiOiJkamFuZ28uY29udHJpYi5hdXRoLmJhY2tlbmRzLk1vZGVsQmFja2VuZCIsIl9hdXRoX3VzZXJfaWQiOiIxIn0=','2017-06-17 21:41:22.325058');
INSERT INTO "django_session" VALUES('g4zy97onqoaxakif9vvcc2bzqda3ghxn','ZTYyMjBkODZhN2M3YjViZmIwOTY0MzQ5MmViZDU5YmZiYzQ3NTQzMzp7Il9hdXRoX3VzZXJfaWQiOiIxIiwiX2F1dGhfdXNlcl9oYXNoIjoiYmUxYmEwNTFjNWVhYzc0MWQ0NDM5YmI1NTc3MTY1OWU3NDBlOGI3MSIsIl9hdXRoX3VzZXJfYmFja2VuZCI6ImRqYW5nby5jb250cmliLmF1dGguYmFja2VuZHMuTW9kZWxCYWNrZW5kIn0=','2017-06-20 00:45:44.278333');
INSERT INTO "django_session" VALUES('9xtx9od3xkvyn5op7kmk5vlzgvg5cjn3','NTNiMDEzZWI5YjVmOWM1OGE1ZmU1NjQzZDllZjRlMDViOWFkZTExYTp7Il9hdXRoX3VzZXJfaGFzaCI6ImJlMWJhMDUxYzVlYWM3NDFkNDQzOWJiNTU3NzE2NTllNzQwZThiNzEiLCJfYXV0aF91c2VyX2JhY2tlbmQiOiJkamFuZ28uY29udHJpYi5hdXRoLmJhY2tlbmRzLk1vZGVsQmFja2VuZCIsIl9hdXRoX3VzZXJfaWQiOiIxIn0=','2017-06-21 00:51:59.032057');
INSERT INTO "django_session" VALUES('wrq31ypv4wj528ahnuixwkhc96niaano','ZTYyMjBkODZhN2M3YjViZmIwOTY0MzQ5MmViZDU5YmZiYzQ3NTQzMzp7Il9hdXRoX3VzZXJfaWQiOiIxIiwiX2F1dGhfdXNlcl9oYXNoIjoiYmUxYmEwNTFjNWVhYzc0MWQ0NDM5YmI1NTc3MTY1OWU3NDBlOGI3MSIsIl9hdXRoX3VzZXJfYmFja2VuZCI6ImRqYW5nby5jb250cmliLmF1dGguYmFja2VuZHMuTW9kZWxCYWNrZW5kIn0=','2017-06-25 00:20:42.091563');
INSERT INTO "django_session" VALUES('i4eao85882lhkjlorbzeneh1vsb4bhbr','N2Q0YjAzNjMzYWQ0YWRiMjUxNDYxZjc4NjhjZTM0YWRmZjFmM2U2Mjp7Il9hdXRoX3VzZXJfaGFzaCI6ImE2ZGRlNmI3NDkwZjMyY2I0ODJlMmIxNmRlNjZiMWFjMjZiZWUxMDkiLCJ3YWd0YWlsLXByZXZpZXctaG9tZSxob21lcGFnZSwyIjpbeyJzZW9fdGl0bGUiOlsiIl0sIm5leHQiOlsiIl0sImJvZHkiOlsiPGgzPlRoaXMgaXMgYSB0ZXN0IG9mIHRoZSBXYWd0YWlsIHN5c3RlbS4gJm5ic3A7PC9oMz4iXSwidGl0bGUiOlsiV29ya2luZyBpbiBXZXN0IFBoaWxseSJdLCJnb19saXZlX2F0IjpbIiJdLCJleHBpcmVfYXQiOlsiIl0sInNsdWciOlsid29ya2luZy13ZXN0LXBoaWxseSJdLCJjc3JmbWlkZGxld2FyZXRva2VuIjpbImdKdmwwcnc4TWFKZmdOWm1ndk15Qnl3cGgydTVtcHV0dEc3cG1FTndtYUV4eEdjNElFbDN0SjRMRFRDMUxhWTIiXSwic2VhcmNoX2Rlc2NyaXB0aW9uIjpbIiJdfSwxNDk3NzMxOTYwLjUyODI0ODNdLCJfYXV0aF91c2VyX2lkIjoiMiIsIl9hdXRoX3VzZXJfYmFja2VuZCI6ImRqYW5nby5jb250cmliLmF1dGguYmFja2VuZHMuTW9kZWxCYWNrZW5kIn0=','2017-07-01 20:39:20.560884');
INSERT INTO "django_session" VALUES('fit5d3sw3m0k25n7mcvtn4jcnv4r8d9n','MmIyYjRiMThjMjViNzBiYTY3N2YzMWNlMzRiYmVjOGY4ZDhlYWQ1MDp7Il9hdXRoX3VzZXJfaGFzaCI6ImE2ZGRlNmI3NDkwZjMyY2I0ODJlMmIxNmRlNjZiMWFjMjZiZWUxMDkiLCJfYXV0aF91c2VyX2lkIjoiMiIsIl9hdXRoX3VzZXJfYmFja2VuZCI6ImRqYW5nby5jb250cmliLmF1dGguYmFja2VuZHMuTW9kZWxCYWNrZW5kIn0=','2017-07-01 23:01:35.698706');
INSERT INTO "django_session" VALUES('tlw5k8xpy107rx0z2wa3ob6nx39v7oma','MGY1YjBiNWZiMWNkM2EyNWIwNWZiODAxMTY0ZmMyYjVkODVkNGI2Yzp7Il9hdXRoX3VzZXJfaWQiOiIxIiwiX2F1dGhfdXNlcl9iYWNrZW5kIjoiZGphbmdvLmNvbnRyaWIuYXV0aC5iYWNrZW5kcy5Nb2RlbEJhY2tlbmQiLCJfYXV0aF91c2VyX2hhc2giOiJiZTFiYTA1MWM1ZWFjNzQxZDQ0MzliYjU1NzcxNjU5ZTc0MGU4YjcxIn0=','2017-07-15 22:19:54.097305');
INSERT INTO "django_session" VALUES('xakvkue5yktbvmku8251plk5lybxupvz','NTNiMDEzZWI5YjVmOWM1OGE1ZmU1NjQzZDllZjRlMDViOWFkZTExYTp7Il9hdXRoX3VzZXJfaGFzaCI6ImJlMWJhMDUxYzVlYWM3NDFkNDQzOWJiNTU3NzE2NTllNzQwZThiNzEiLCJfYXV0aF91c2VyX2JhY2tlbmQiOiJkamFuZ28uY29udHJpYi5hdXRoLmJhY2tlbmRzLk1vZGVsQmFja2VuZCIsIl9hdXRoX3VzZXJfaWQiOiIxIn0=','2017-08-12 21:49:08.628406');
INSERT INTO "django_session" VALUES('5bf2cuga4uapagl85yyqgi76kdyxz8q1','ZTYyMjBkODZhN2M3YjViZmIwOTY0MzQ5MmViZDU5YmZiYzQ3NTQzMzp7Il9hdXRoX3VzZXJfaWQiOiIxIiwiX2F1dGhfdXNlcl9oYXNoIjoiYmUxYmEwNTFjNWVhYzc0MWQ0NDM5YmI1NTc3MTY1OWU3NDBlOGI3MSIsIl9hdXRoX3VzZXJfYmFja2VuZCI6ImRqYW5nby5jb250cmliLmF1dGguYmFja2VuZHMuTW9kZWxCYWNrZW5kIn0=','2017-08-18 00:26:39.018806');
INSERT INTO "django_session" VALUES('r47jnpfnd5ui4md1ojeonrxh3kb7qq1v','N2Y3OGRiZmE0ZmE0YjM2ODMwNWRkYzE4ODUxMDY1ZjVhYWYyZTExNTp7Il9hdXRoX3VzZXJfaWQiOiIzIiwiX2F1dGhfdXNlcl9oYXNoIjoiM2Q5NDU4OTQwZTRkYmZjZjdiY2QzZjE0NWFiNTYzNDQ4ZjQwZjIwOSIsIl9hdXRoX3VzZXJfYmFja2VuZCI6ImRqYW5nby5jb250cmliLmF1dGguYmFja2VuZHMuTW9kZWxCYWNrZW5kIn0=','2017-08-22 01:06:39.258962');
INSERT INTO "django_session" VALUES('ym3qyliaepvqxm6s3q4j953550a9a5kh','NTdlOTdlYWZkZGY2NzQwMzdjZWQ3NzE0NjU4MGNiYTYyMzI3ZTBkOTp7Il9hdXRoX3VzZXJfaGFzaCI6IjNkOTQ1ODk0MGU0ZGJmY2Y3YmNkM2YxNDVhYjU2MzQ0OGY0MGYyMDkiLCJfYXV0aF91c2VyX2JhY2tlbmQiOiJkamFuZ28uY29udHJpYi5hdXRoLmJhY2tlbmRzLk1vZGVsQmFja2VuZCIsIl9hdXRoX3VzZXJfaWQiOiIzIn0=','2017-08-31 21:04:52.751229');
INSERT INTO "django_session" VALUES('w7zhnxx5iw9f4eim8d3eslieyvhfl5ab','MGY1YjBiNWZiMWNkM2EyNWIwNWZiODAxMTY0ZmMyYjVkODVkNGI2Yzp7Il9hdXRoX3VzZXJfaWQiOiIxIiwiX2F1dGhfdXNlcl9iYWNrZW5kIjoiZGphbmdvLmNvbnRyaWIuYXV0aC5iYWNrZW5kcy5Nb2RlbEJhY2tlbmQiLCJfYXV0aF91c2VyX2hhc2giOiJiZTFiYTA1MWM1ZWFjNzQxZDQ0MzliYjU1NzcxNjU5ZTc0MGU4YjcxIn0=','2017-09-13 01:24:00.359489');
INSERT INTO "django_session" VALUES('oq3v4ikzzvidkzn2gqfuhihndmwpckex','YWQ2ZTIzMzY5NWY0NGRjYWVlNTE2MjNkNmViYjYzMDFjNzFkZDkzYzp7Il9hdXRoX3VzZXJfYmFja2VuZCI6ImRqYW5nby5jb250cmliLmF1dGguYmFja2VuZHMuTW9kZWxCYWNrZW5kIiwiX2F1dGhfdXNlcl9pZCI6IjEiLCJfYXV0aF91c2VyX2hhc2giOiJiZTFiYTA1MWM1ZWFjNzQxZDQ0MzliYjU1NzcxNjU5ZTc0MGU4YjcxIn0=','2017-09-15 01:43:23.192743');
INSERT INTO "django_session" VALUES('9xctitfhpe8rarwwsewh2v3lxi8s20ed','YWQ2ZTIzMzY5NWY0NGRjYWVlNTE2MjNkNmViYjYzMDFjNzFkZDkzYzp7Il9hdXRoX3VzZXJfYmFja2VuZCI6ImRqYW5nby5jb250cmliLmF1dGguYmFja2VuZHMuTW9kZWxCYWNrZW5kIiwiX2F1dGhfdXNlcl9pZCI6IjEiLCJfYXV0aF91c2VyX2hhc2giOiJiZTFiYTA1MWM1ZWFjNzQxZDQ0MzliYjU1NzcxNjU5ZTc0MGU4YjcxIn0=','2017-09-17 03:24:10.492772');
INSERT INTO "django_session" VALUES('is7a2i295o5gebjlq2iu60xpm8a9l00w','NTNiMDEzZWI5YjVmOWM1OGE1ZmU1NjQzZDllZjRlMDViOWFkZTExYTp7Il9hdXRoX3VzZXJfaGFzaCI6ImJlMWJhMDUxYzVlYWM3NDFkNDQzOWJiNTU3NzE2NTllNzQwZThiNzEiLCJfYXV0aF91c2VyX2JhY2tlbmQiOiJkamFuZ28uY29udHJpYi5hdXRoLmJhY2tlbmRzLk1vZGVsQmFja2VuZCIsIl9hdXRoX3VzZXJfaWQiOiIxIn0=','2017-09-20 23:56:09.954166');
INSERT INTO "django_session" VALUES('9cmbg6j5lfx7yqprjxd22x33skmp82hv','MGRiNTM2ZmRiYTk1YTAzMWQzYmNiYTY2NTAyMWQ1MjhlZTg4ZTE5ODp7Il9hdXRoX3VzZXJfaGFzaCI6ImJlMWJhMDUxYzVlYWM3NDFkNDQzOWJiNTU3NzE2NTllNzQwZThiNzEiLCJfYXV0aF91c2VyX2lkIjoiMSIsIl9hdXRoX3VzZXJfYmFja2VuZCI6ImRqYW5nby5jb250cmliLmF1dGguYmFja2VuZHMuTW9kZWxCYWNrZW5kIn0=','2017-09-21 23:32:00.605848');
INSERT INTO "django_session" VALUES('23j0qzd53f4n0beqvso1dz2lu01fkvbr','NzU1OTMwNGM4YjJkN2E3Y2Y5OTVmMDJkMWU2MThmODgwYjk4ZGU2MTp7Il9hdXRoX3VzZXJfaGFzaCI6IjNkOTQ1ODk0MGU0ZGJmY2Y3YmNkM2YxNDVhYjU2MzQ0OGY0MGYyMDkiLCJfYXV0aF91c2VyX2lkIjoiMyIsIl9hdXRoX3VzZXJfYmFja2VuZCI6ImRqYW5nby5jb250cmliLmF1dGguYmFja2VuZHMuTW9kZWxCYWNrZW5kIn0=','2017-10-01 00:22:58.020441');
INSERT INTO "django_session" VALUES('j67xieu610fs8d71jwrs71xgnip7i48o','NmRmNmY2NGVkOWFlNGU1ZTUyNWUwYzE1ODUxOTJiNGEzNDg1NDNmNTp7Il9hdXRoX3VzZXJfYmFja2VuZCI6ImRqYW5nby5jb250cmliLmF1dGguYmFja2VuZHMuTW9kZWxCYWNrZW5kIiwiX2F1dGhfdXNlcl9oYXNoIjoiYmUxYmEwNTFjNWVhYzc0MWQ0NDM5YmI1NTc3MTY1OWU3NDBlOGI3MSIsIl9hdXRoX3VzZXJfaWQiOiIxIn0=','2017-10-04 00:12:44.102994');
INSERT INTO "django_session" VALUES('r25ty15ze5cblpy9udm9klfkyp2w3bwj','NTNiMDEzZWI5YjVmOWM1OGE1ZmU1NjQzZDllZjRlMDViOWFkZTExYTp7Il9hdXRoX3VzZXJfaGFzaCI6ImJlMWJhMDUxYzVlYWM3NDFkNDQzOWJiNTU3NzE2NTllNzQwZThiNzEiLCJfYXV0aF91c2VyX2JhY2tlbmQiOiJkamFuZ28uY29udHJpYi5hdXRoLmJhY2tlbmRzLk1vZGVsQmFja2VuZCIsIl9hdXRoX3VzZXJfaWQiOiIxIn0=','2017-10-06 00:00:40.029014');
INSERT INTO "django_session" VALUES('r8nuep9onnk6vioc48d4k57wmur2vltk','NzU1OTMwNGM4YjJkN2E3Y2Y5OTVmMDJkMWU2MThmODgwYjk4ZGU2MTp7Il9hdXRoX3VzZXJfaGFzaCI6IjNkOTQ1ODk0MGU0ZGJmY2Y3YmNkM2YxNDVhYjU2MzQ0OGY0MGYyMDkiLCJfYXV0aF91c2VyX2lkIjoiMyIsIl9hdXRoX3VzZXJfYmFja2VuZCI6ImRqYW5nby5jb250cmliLmF1dGguYmFja2VuZHMuTW9kZWxCYWNrZW5kIn0=','2017-11-16 23:35:16.926236');
INSERT INTO "django_session" VALUES('m5fhoxe2tjqbndkvfn797bq15iz9xp7u','OTk0NDJkNGVjNzQ3YzNkNTBkNmZiZTYwMzljNjA3MWY0ZDlhOTJmZTp7Il9hdXRoX3VzZXJfYmFja2VuZCI6ImRqYW5nby5jb250cmliLmF1dGguYmFja2VuZHMuTW9kZWxCYWNrZW5kIiwiX2F1dGhfdXNlcl9oYXNoIjoiM2Q5NDU4OTQwZTRkYmZjZjdiY2QzZjE0NWFiNTYzNDQ4ZjQwZjIwOSIsIl9hdXRoX3VzZXJfaWQiOiIzIn0=','2017-11-23 01:14:37.532881');
INSERT INTO "django_session" VALUES('32e97r4gh10zcg9xq06g0gmwk6nzktzr','ZWJmYzI3ZjY3YzAwNTQ5MjM3NjQwYmY3MTJhNjYxYWFlMzliYWIwMjp7Il9hdXRoX3VzZXJfaWQiOiIzIiwiX2F1dGhfdXNlcl9iYWNrZW5kIjoiZGphbmdvLmNvbnRyaWIuYXV0aC5iYWNrZW5kcy5Nb2RlbEJhY2tlbmQiLCJfYXV0aF91c2VyX2hhc2giOiIzZDk0NTg5NDBlNGRiZmNmN2JjZDNmMTQ1YWI1NjM0NDhmNDBmMjA5In0=','2017-11-25 20:47:41.951994');
INSERT INTO "django_session" VALUES('uum1flgp5zy1xtmgmr829tmtf076vab3','ZDMwNTBiZDI4N2Y5YjdkNmMxMDQ5ZWVkYzYyYjgyMGJhM2MwMzc5NDp7Il9hdXRoX3VzZXJfYmFja2VuZCI6ImRqYW5nby5jb250cmliLmF1dGguYmFja2VuZHMuTW9kZWxCYWNrZW5kIiwiX2F1dGhfdXNlcl9pZCI6IjMiLCJfYXV0aF91c2VyX2hhc2giOiIzZDk0NTg5NDBlNGRiZmNmN2JjZDNmMTQ1YWI1NjM0NDhmNDBmMjA5In0=','2017-12-01 17:27:16.460867');
INSERT INTO "django_session" VALUES('r82t4isdlew8vod6y7f4lkgz2247shnh','OTk0NDJkNGVjNzQ3YzNkNTBkNmZiZTYwMzljNjA3MWY0ZDlhOTJmZTp7Il9hdXRoX3VzZXJfYmFja2VuZCI6ImRqYW5nby5jb250cmliLmF1dGguYmFja2VuZHMuTW9kZWxCYWNrZW5kIiwiX2F1dGhfdXNlcl9oYXNoIjoiM2Q5NDU4OTQwZTRkYmZjZjdiY2QzZjE0NWFiNTYzNDQ4ZjQwZjIwOSIsIl9hdXRoX3VzZXJfaWQiOiIzIn0=','2017-12-09 19:46:51.477531');
INSERT INTO "django_session" VALUES('kifcw9lbh1pkkixlgxsfbqvrcundh5e0','NTdlOTdlYWZkZGY2NzQwMzdjZWQ3NzE0NjU4MGNiYTYyMzI3ZTBkOTp7Il9hdXRoX3VzZXJfaGFzaCI6IjNkOTQ1ODk0MGU0ZGJmY2Y3YmNkM2YxNDVhYjU2MzQ0OGY0MGYyMDkiLCJfYXV0aF91c2VyX2JhY2tlbmQiOiJkamFuZ28uY29udHJpYi5hdXRoLmJhY2tlbmRzLk1vZGVsQmFja2VuZCIsIl9hdXRoX3VzZXJfaWQiOiIzIn0=','2017-12-15 01:39:20.475178');
INSERT INTO "django_session" VALUES('ykye9efxz2kqt87qvurmxid63t49d92n','ZWJmYzI3ZjY3YzAwNTQ5MjM3NjQwYmY3MTJhNjYxYWFlMzliYWIwMjp7Il9hdXRoX3VzZXJfaWQiOiIzIiwiX2F1dGhfdXNlcl9iYWNrZW5kIjoiZGphbmdvLmNvbnRyaWIuYXV0aC5iYWNrZW5kcy5Nb2RlbEJhY2tlbmQiLCJfYXV0aF91c2VyX2hhc2giOiIzZDk0NTg5NDBlNGRiZmNmN2JjZDNmMTQ1YWI1NjM0NDhmNDBmMjA5In0=','2017-12-16 03:17:44.600766');
INSERT INTO "django_session" VALUES('duci2slqeb3dj2z8tesgpykcqy9pqqto','NzU1OTMwNGM4YjJkN2E3Y2Y5OTVmMDJkMWU2MThmODgwYjk4ZGU2MTp7Il9hdXRoX3VzZXJfaGFzaCI6IjNkOTQ1ODk0MGU0ZGJmY2Y3YmNkM2YxNDVhYjU2MzQ0OGY0MGYyMDkiLCJfYXV0aF91c2VyX2lkIjoiMyIsIl9hdXRoX3VzZXJfYmFja2VuZCI6ImRqYW5nby5jb250cmliLmF1dGguYmFja2VuZHMuTW9kZWxCYWNrZW5kIn0=','2017-12-19 23:14:01.897468');
CREATE TABLE "blog_comment" ("id" integer NOT NULL PRIMARY KEY AUTOINCREMENT, "name" varchar(80) NOT NULL, "email" varchar(254) NOT NULL, "body" text NOT NULL, "created" datetime NOT NULL, "updated" datetime NOT NULL, "active" bool NOT NULL, "post_id" integer NOT NULL REFERENCES "blog_post" ("id"));
INSERT INTO "blog_comment" VALUES(1,'JeremyG','jeremygatens@gmail.com','You are the man','2017-06-06 01:11:57.903921','2017-06-06 01:13:10.378866',1,4);
INSERT INTO "blog_comment" VALUES(2,'JeremyG','jeremygatens@gmail.com','This is a great Post!!!','2017-06-06 01:12:16.982820','2017-06-06 01:12:16.982886',1,4);
CREATE TABLE "taggit_tag" ("id" integer NOT NULL PRIMARY KEY AUTOINCREMENT, "name" varchar(100) NOT NULL UNIQUE, "slug" varchar(100) NOT NULL UNIQUE);
INSERT INTO "taggit_tag" VALUES(1,'music','music');
INSERT INTO "taggit_tag" VALUES(2,'jazz','jazz');
INSERT INTO "taggit_tag" VALUES(3,'django','django');
INSERT INTO "taggit_tag" VALUES(4,'hello','hello');
INSERT INTO "taggit_tag" VALUES(5,'world','world');
INSERT INTO "taggit_tag" VALUES(6,'Music','music_1');
INSERT INTO "taggit_tag" VALUES(7,'Markdown','markdown');
CREATE TABLE "taggit_taggeditem" ("id" integer NOT NULL PRIMARY KEY AUTOINCREMENT, "object_id" integer NOT NULL, "content_type_id" integer NOT NULL REFERENCES "django_content_type" ("id"), "tag_id" integer NOT NULL REFERENCES "taggit_tag" ("id"));
INSERT INTO "taggit_taggeditem" VALUES(1,1,7,1);
INSERT INTO "taggit_taggeditem" VALUES(2,1,7,2);
INSERT INTO "taggit_taggeditem" VALUES(4,2,7,4);
INSERT INTO "taggit_taggeditem" VALUES(5,2,7,5);
INSERT INTO "taggit_taggeditem" VALUES(6,4,7,1);
INSERT INTO "taggit_taggeditem" VALUES(7,4,7,2);
INSERT INTO "taggit_taggeditem" VALUES(8,5,7,6);
INSERT INTO "taggit_taggeditem" VALUES(9,5,7,7);
INSERT INTO "taggit_taggeditem" VALUES(10,3,7,1);
CREATE TABLE "django_site" ("id" integer NOT NULL PRIMARY KEY AUTOINCREMENT, "name" varchar(50) NOT NULL, "domain" varchar(100) NOT NULL UNIQUE);
INSERT INTO "django_site" VALUES(1,'example.com','example.com');
INSERT INTO "django_site" VALUES(2,'vagrant.wharton.upenn.edu:8000','vagrant.wharton.upenn.edu:8000');
CREATE TABLE "wagtailcore_site" ("id" integer NOT NULL PRIMARY KEY AUTOINCREMENT, "hostname" varchar(255) NOT NULL, "port" integer NOT NULL, "is_default_site" bool NOT NULL, "root_page_id" integer NOT NULL REFERENCES "wagtailcore_page" ("id"), "site_name" varchar(255) NULL);
INSERT INTO "wagtailcore_site" VALUES(1,'localhost',80,1,2,NULL);
CREATE TABLE "wagtailcore_collection" ("id" integer NOT NULL PRIMARY KEY AUTOINCREMENT, "path" varchar(255) NOT NULL UNIQUE, "depth" integer unsigned NOT NULL, "numchild" integer unsigned NOT NULL, "name" varchar(255) NOT NULL);
INSERT INTO "wagtailcore_collection" VALUES(1,'0001',1,0,'Root');
CREATE TABLE "wagtailcore_groupcollectionpermission" ("id" integer NOT NULL PRIMARY KEY AUTOINCREMENT, "collection_id" integer NOT NULL REFERENCES "wagtailcore_collection" ("id"), "group_id" integer NOT NULL REFERENCES "auth_group" ("id"), "permission_id" integer NOT NULL REFERENCES "auth_permission" ("id"));
INSERT INTO "wagtailcore_groupcollectionpermission" VALUES(2,1,1,35);
INSERT INTO "wagtailcore_groupcollectionpermission" VALUES(4,1,1,36);
INSERT INTO "wagtailcore_groupcollectionpermission" VALUES(6,1,1,38);
INSERT INTO "wagtailcore_groupcollectionpermission" VALUES(8,1,1,39);
INSERT INTO "wagtailcore_groupcollectionpermission" VALUES(1,1,2,35);
INSERT INTO "wagtailcore_groupcollectionpermission" VALUES(3,1,2,36);
INSERT INTO "wagtailcore_groupcollectionpermission" VALUES(5,1,2,38);
INSERT INTO "wagtailcore_groupcollectionpermission" VALUES(7,1,2,39);
CREATE TABLE "wagtailcore_pagerevision" ("id" integer NOT NULL PRIMARY KEY AUTOINCREMENT, "submitted_for_moderation" bool NOT NULL, "content_json" text NOT NULL, "approved_go_live_at" datetime NULL, "page_id" integer NOT NULL REFERENCES "wagtailcore_page" ("id"), "user_id" integer NULL REFERENCES "auth_user" ("id"), "created_at" datetime NOT NULL);
INSERT INTO "wagtailcore_pagerevision" VALUES(1,0,'{"seo_title": "", "numchild": 0, "depth": 3, "pk": 3, "body": "<h3>This is a test of the Wagtail system. \u00a0</h3>", "locked": false, "expire_at": null, "has_unpublished_changes": false, "expired": false, "url_path": "/home/working-west-philly/", "first_published_at": null, "search_description": "", "show_in_menus": false, "live": true, "title": "Working in West Philly", "path": "000100010001", "latest_revision_created_at": null, "go_live_at": null, "content_type": 34, "owner": 2, "slug": "working-west-philly"}',NULL,3,2,'2017-06-17 20:29:53.262646');
INSERT INTO "wagtailcore_pagerevision" VALUES(2,0,'{"content_type": 37, "search_description": "", "expired": false, "author": "", "expire_at": null, "status": "draft", "url_path": "/home/please-work-mother-fucker/", "first_published_at": null, "live_revision": null, "locked": false, "seo_title": "", "last_published_at": null, "body": "o! I was ashamed to be SEEN with you. I like being with you. I care deeply for nature. Army had half a day. No! I was ashamed to be SEEN with you. I like being with you. Guy''s a pro. He''ll want to use your yacht, and I don''t want this thing smelling like fish.<br/><br/>Bad news. Andy Griffith turned us down. He didn''t like his trailer. Steve Holt! Steve Holt! I don''t criticize you! And if you''re worried about criticism, sometimes a diet is the best defense.<br/><br/>That''s what it said on ''Ask Jeeves.'' I don''t understand the question, and I won''t respond to it. It''s called ''taking advantage.'' It''s what gets you ahead in life. Oh, you''re gonna be in a coma, all right.<br/><br/>There''s only one man I''ve ever called a coward, and that''s Brian Doyle Murray. No, what I''m calling you is a television actor. Not tricks, Michael, illusions. I care deeply for nature. But I bought a yearbook ad from you, doesn''t that mean anything anymore?<br/><br/>Now, when you do this without getting punched in the chest, you''ll have more fun. Now, when you do this without getting punched in the chest, you''ll have more fun. No\u2026 but I''d like to be asked! Now, when you do this without getting punched in the chest, you''ll have more fun.<br/><br/>I''ve opened a door here that I regret. Army had half a day. I hear the jury''s still out on science. First place chick is hot, but has an attitude, doesn''t date magicians. Marry me.<br/><br/>That''s why you always leave a note! It''s a hug, Michael. I''m hugging you. I''m half machine. I''m a monster. I''m a monster.<br/><br/>I''ve opened a door here that I regret. Army had half a day. Army had half a day. There''s so many poorly chosen words in that sentence. Steve Holt! Across from where?<br/><br/><p>Guy''s a pro. I care deeply for nature. First place chick is hot, but has an attitude, doesn''t date magicians. Bad news. Andy Griffith turned us down. He didn''t like his trailer. Not tricks, Michael, illusions.</p>", "title": "Please work mother fucker", "depth": 3, "has_unpublished_changes": false, "related_links": [], "draft_title": "Please work mother fucker", "updated": "2017-12-01T02:12:25.448Z", "live": false, "created": "2017-12-01T02:12:25.447Z", "latest_revision_created_at": null, "slug": "please-work-mother-fucker", "path": "000100010002", "show_in_menus": false, "owner": 3, "publish": "2017-12-01T02:12:25.002Z", "go_live_at": null, "numchild": 0, "pk": 4}',NULL,4,3,'2017-12-01 02:12:25.457340');
INSERT INTO "wagtailcore_pagerevision" VALUES(3,0,'{"content_type": 37, "search_description": "", "expired": false, "author": "", "expire_at": null, "status": "draft", "url_path": "/home/please-work-mother-fucker/", "first_published_at": null, "live_revision": null, "locked": false, "seo_title": "", "last_published_at": null, "body": "o! I was ashamed to be SEEN with you. I like being with you. I care deeply for nature. Army had half a day. No! I was ashamed to be SEEN with you. I like being with you. Guy''s a pro. He''ll want to use your yacht, and I don''t want this thing smelling like fish.<br/><br/>Bad news. Andy Griffith turned us down. He didn''t like his trailer. Steve Holt! Steve Holt! I don''t criticize you! And if you''re worried about criticism, sometimes a diet is the best defense.<br/><br/>That''s what it said on ''Ask Jeeves.'' I don''t understand the question, and I won''t respond to it. It''s called ''taking advantage.'' It''s what gets you ahead in life. Oh, you''re gonna be in a coma, all right.<br/><br/>There''s only one man I''ve ever called a coward, and that''s Brian Doyle Murray. No, what I''m calling you is a television actor. Not tricks, Michael, illusions. I care deeply for nature. But I bought a yearbook ad from you, doesn''t that mean anything anymore?<br/><br/>Now, when you do this without getting punched in the chest, you''ll have more fun. Now, when you do this without getting punched in the chest, you''ll have more fun. No\u2026 but I''d like to be asked! Now, when you do this without getting punched in the chest, you''ll have more fun.<br/><br/>I''ve opened a door here that I regret. Army had half a day. I hear the jury''s still out on science. First place chick is hot, but has an attitude, doesn''t date magicians. Marry me.<br/><br/>That''s why you always leave a note! It''s a hug, Michael. I''m hugging you. I''m half machine. I''m a monster. I''m a monster.<br/><br/>I''ve opened a door here that I regret. Army had half a day. Army had half a day. There''s so many poorly chosen words in that sentence. Steve Holt! Across from where?<br/><br/><p>Guy''s a pro. I care deeply for nature. First place chick is hot, but has an attitude, doesn''t date magicians. Bad news. Andy Griffith turned us down. He didn''t like his trailer. Not tricks, Michael, illusions.</p>", "title": "Please work mother fucker", "depth": 3, "has_unpublished_changes": true, "related_links": [], "draft_title": "Please work mother fucker", "updated": "2017-12-01T02:12:39.725Z", "live": false, "created": "2017-12-01T02:12:39.725Z", "latest_revision_created_at": "2017-12-01T02:12:25.457Z", "slug": "please-work-mother-fucker", "path": "000100010002", "show_in_menus": false, "owner": 3, "publish": "2017-12-01T02:12:25.002Z", "go_live_at": null, "numchild": 0, "pk": 4}',NULL,4,3,'2017-12-01 02:12:39.725950');
INSERT INTO "wagtailcore_pagerevision" VALUES(4,0,'{"content_type": 37, "search_description": "", "expired": false, "author": "", "expire_at": null, "status": "draft", "url_path": "/home/please-work-mother-fucker/", "first_published_at": "2017-12-01T02:12:40.042Z", "live_revision": 3, "locked": false, "seo_title": "", "last_published_at": "2017-12-01T02:12:40.042Z", "body": "I was ashamed to be SEEN with you. I like being with you. I care deeply for nature. Army had half a day. No! I was ashamed to be SEEN with you. I like being with you. Guy''s a pro. He''ll want to use your yacht, and I don''t want this thing smelling like fish.<br/><br/>Bad news. Andy Griffith turned us down. He didn''t like his trailer. Steve Holt! Steve Holt! I don''t criticize you! And if you''re worried about criticism, sometimes a diet is the best defense.<br/><br/>That''s what it said on ''Ask Jeeves.'' I don''t understand the question, and I won''t respond to it. It''s called ''taking advantage.'' It''s what gets you ahead in life. Oh, you''re gonna be in a coma, all right.<br/><br/>There''s only one man I''ve ever called a coward, and that''s Brian Doyle Murray. No, what I''m calling you is a television actor. Not tricks, Michael, illusions. I care deeply for nature. But I bought a yearbook ad from you, doesn''t that mean anything anymore?<br/><br/>Now, when you do this without getting punched in the chest, you''ll have more fun. Now, when you do this without getting punched in the chest, you''ll have more fun. No\u2026 but I''d like to be asked! Now, when you do this without getting punched in the chest, you''ll have more fun.<br/><br/>I''ve opened a door here that I regret. Army had half a day. I hear the jury''s still out on science. First place chick is hot, but has an attitude, doesn''t date magicians. Marry me.<br/><br/>That''s why you always leave a note! It''s a hug, Michael. I''m hugging you. I''m half machine. I''m a monster. I''m a monster.<br/><br/>I''ve opened a door here that I regret. Army had half a day. Army had half a day. There''s so many poorly chosen words in that sentence. Steve Holt! Across from where?<br/><br/><p>Guy''s a pro. I care deeply for nature. First place chick is hot, but has an attitude, doesn''t date magicians. Bad news. Andy Griffith turned us down. He didn''t like his trailer. Not tricks, Michael, illusions.</p>", "title": "Please work mother fucker", "depth": 3, "has_unpublished_changes": false, "related_links": [], "draft_title": "Please work mother fucker", "updated": "2017-12-01T02:28:23.139Z", "live": true, "created": "2017-12-01T02:28:23.139Z", "latest_revision_created_at": "2017-12-01T02:12:39.725Z", "slug": "please-work-mother-fucker", "path": "000100010002", "show_in_menus": false, "owner": 3, "publish": "2017-12-01T02:12:25.002Z", "go_live_at": null, "numchild": 0, "pk": 4}',NULL,4,3,'2017-12-01 02:28:23.140566');
CREATE TABLE "wagtailcore_pageviewrestriction" ("id" integer NOT NULL PRIMARY KEY AUTOINCREMENT, "page_id" integer NOT NULL REFERENCES "wagtailcore_page" ("id"), "restriction_type" varchar(20) NOT NULL, "password" varchar(255) NOT NULL);
CREATE TABLE "wagtailcore_grouppagepermission" ("id" integer NOT NULL PRIMARY KEY AUTOINCREMENT, "group_id" integer NOT NULL REFERENCES "auth_group" ("id"), "page_id" integer NOT NULL REFERENCES "wagtailcore_page" ("id"), "permission_type" varchar(20) NOT NULL);
INSERT INTO "wagtailcore_grouppagepermission" VALUES(1,1,1,'add');
INSERT INTO "wagtailcore_grouppagepermission" VALUES(2,1,1,'edit');
INSERT INTO "wagtailcore_grouppagepermission" VALUES(6,1,1,'lock');
INSERT INTO "wagtailcore_grouppagepermission" VALUES(3,1,1,'publish');
INSERT INTO "wagtailcore_grouppagepermission" VALUES(4,2,1,'add');
INSERT INTO "wagtailcore_grouppagepermission" VALUES(5,2,1,'edit');
CREATE TABLE "wagtaildocs_document" ("id" integer NOT NULL PRIMARY KEY AUTOINCREMENT, "title" varchar(255) NOT NULL, "file" varchar(100) NOT NULL, "created_at" datetime NOT NULL, "collection_id" integer NOT NULL REFERENCES "wagtailcore_collection" ("id"), "uploaded_by_user_id" integer NULL REFERENCES "auth_user" ("id"));
CREATE TABLE "wagtailembeds_embed" ("id" integer NOT NULL PRIMARY KEY AUTOINCREMENT, "url" varchar(200) NOT NULL, "max_width" smallint NULL, "type" varchar(10) NOT NULL, "html" text NOT NULL, "title" text NOT NULL, "author_name" text NOT NULL, "provider_name" text NOT NULL, "thumbnail_url" varchar(200) NULL, "width" integer NULL, "height" integer NULL, "last_updated" datetime NOT NULL);
CREATE TABLE "wagtailforms_formsubmission" ("id" integer NOT NULL PRIMARY KEY AUTOINCREMENT, "form_data" text NOT NULL, "page_id" integer NOT NULL REFERENCES "wagtailcore_page" ("id"), "submit_time" datetime NOT NULL);
CREATE TABLE "wagtailimages_image" ("id" integer NOT NULL PRIMARY KEY AUTOINCREMENT, "title" varchar(255) NOT NULL, "file" varchar(100) NOT NULL, "width" integer NOT NULL, "height" integer NOT NULL, "created_at" datetime NOT NULL, "focal_point_x" integer unsigned NULL, "focal_point_y" integer unsigned NULL, "focal_point_width" integer unsigned NULL, "focal_point_height" integer unsigned NULL, "uploaded_by_user_id" integer NULL REFERENCES "auth_user" ("id"), "file_size" integer unsigned NULL, "collection_id" integer NOT NULL REFERENCES "wagtailcore_collection" ("id"));
INSERT INTO "wagtailimages_image" VALUES(1,'Test Image','original_images/logoC.jpg',500,460,'2017-07-02 18:59:14.104752',NULL,NULL,NULL,NULL,1,NULL,1);
CREATE TABLE "wagtailimages_rendition" ("id" integer NOT NULL PRIMARY KEY AUTOINCREMENT, "file" varchar(100) NOT NULL, "width" integer NOT NULL, "height" integer NOT NULL, "focal_point_key" varchar(16) NOT NULL, "image_id" integer NOT NULL REFERENCES "wagtailimages_image" ("id"), "filter_spec" varchar(255) NOT NULL);
INSERT INTO "wagtailimages_rendition" VALUES(1,'images/logoC.max-800x600.jpg',500,460,'',1,'max-800x600');
CREATE TABLE "wagtailredirects_redirect" ("id" integer NOT NULL PRIMARY KEY AUTOINCREMENT, "old_path" varchar(255) NOT NULL, "is_permanent" bool NOT NULL, "redirect_link" varchar(200) NOT NULL, "redirect_page_id" integer NULL REFERENCES "wagtailcore_page" ("id"), "site_id" integer NULL REFERENCES "wagtailcore_site" ("id"));
CREATE TABLE "wagtailsearch_query" ("id" integer NOT NULL PRIMARY KEY AUTOINCREMENT, "query_string" varchar(255) NOT NULL UNIQUE);
CREATE TABLE "wagtailsearch_querydailyhits" ("id" integer NOT NULL PRIMARY KEY AUTOINCREMENT, "date" date NOT NULL, "hits" integer NOT NULL, "query_id" integer NOT NULL REFERENCES "wagtailsearch_query" ("id"));
CREATE TABLE "wagtailsearch_editorspick" ("id" integer NOT NULL PRIMARY KEY AUTOINCREMENT, "sort_order" integer NULL, "description" text NOT NULL, "query_id" integer NOT NULL REFERENCES "wagtailsearch_query" ("id"), "page_id" integer NOT NULL REFERENCES "wagtailcore_page" ("id"));
CREATE TABLE "wagtailusers_userprofile" ("id" integer NOT NULL PRIMARY KEY AUTOINCREMENT, "submitted_notifications" bool NOT NULL, "approved_notifications" bool NOT NULL, "rejected_notifications" bool NOT NULL, "user_id" integer NOT NULL UNIQUE REFERENCES "auth_user" ("id"), "preferred_language" varchar(10) NOT NULL);
CREATE TABLE "home_homepage" ("page_ptr_id" integer NOT NULL PRIMARY KEY REFERENCES "wagtailcore_page" ("id"), "body" text NOT NULL);
INSERT INTO "home_homepage" VALUES(3,'<h3>This is a test of the Wagtail system. </h3>');
CREATE TABLE "wagtailgridder_gridcategory" ("id" integer NOT NULL PRIMARY KEY AUTOINCREMENT, "name" varchar(255) NOT NULL);
CREATE TABLE "wagtailgridder_griditemtag" ("id" integer NOT NULL PRIMARY KEY AUTOINCREMENT, "content_object_id" integer NOT NULL REFERENCES "wagtailgridder_griditem" ("page_ptr_id"), "tag_id" integer NOT NULL REFERENCES "taggit_tag" ("id"));
CREATE TABLE "wagtailgridder_griditem_categories" ("id" integer NOT NULL PRIMARY KEY AUTOINCREMENT, "griditem_id" integer NOT NULL REFERENCES "wagtailgridder_griditem" ("page_ptr_id"), "gridcategory_id" integer NOT NULL REFERENCES "wagtailgridder_gridcategory" ("id"));
CREATE TABLE "wagtailgridder_gridindexpage" ("page_ptr_id" integer NOT NULL PRIMARY KEY REFERENCES "wagtailcore_page" ("id"), "featured_grid_item_1_id" integer NULL REFERENCES "wagtailgridder_griditem" ("page_ptr_id"), "featured_grid_item_2_id" integer NULL REFERENCES "wagtailgridder_griditem" ("page_ptr_id"), "hero_background_image_id" integer NULL REFERENCES "wagtailimages_image" ("id"), "featured_description" text NULL, "hero_button_text" varchar(255) NULL, "hero_button_url" varchar(255) NULL, "hero_description" text NULL, "hero_logo_image_id" integer NULL REFERENCES "wagtailimages_image" ("id"));
CREATE TABLE "wagtailgridder_griditem" ("page_ptr_id" integer NOT NULL PRIMARY KEY REFERENCES "wagtailcore_page" ("id"), "summary_text" text NOT NULL, "description_text" text NULL, "modified" datetime NULL, "buttons" text NULL, "description_image_id" integer NULL REFERENCES "wagtailimages_image" ("id"), "summary_image_id" integer NULL REFERENCES "wagtailimages_image" ("id"), "description_video" varchar(200) NULL, "landing_page_text" text NULL);
CREATE TABLE "cms_blogpagerelatedlink" ("id" integer NOT NULL PRIMARY KEY AUTOINCREMENT, "sort_order" integer NULL, "name" varchar(255) NOT NULL, "url" varchar(200) NOT NULL, "page_id" integer NOT NULL REFERENCES "cms_blogpage" ("page_ptr_id"));
CREATE TABLE "cms_comment" ("id" integer NOT NULL PRIMARY KEY AUTOINCREMENT, "name" varchar(80) NOT NULL, "email" varchar(254) NOT NULL, "body" text NOT NULL, "created" datetime NOT NULL, "updated" datetime NOT NULL, "active" bool NOT NULL, "blogpage_id" integer NOT NULL REFERENCES "cms_blogpage" ("page_ptr_id"));
CREATE TABLE "blog_post" ("id" integer NOT NULL PRIMARY KEY AUTOINCREMENT, "title" varchar(250) NOT NULL, "slug" varchar(250) NOT NULL, "body" text NOT NULL, "publish" datetime NOT NULL, "created" datetime NOT NULL, "updated" datetime NOT NULL, "status" varchar(10) NOT NULL, "author_id" integer NOT NULL REFERENCES "auth_user" ("id"), "short_description" text NOT NULL, "image" varchar(100) NULL);
INSERT INTO "blog_post" VALUES(1,'Django Demo','django-demo','You know, the one with all the well meaning rules that don''t work out in real life, uh, Christianity.

Save me, Jeebus. Mrs. Krabappel and Principal Skinner were in the closet making babies and I saw one of the babies and then the baby looked at me. Inflammable means flammable? What a country. No children have ever meddled with the Republican Party and lived to tell about it.

I''ve done everything the Bible says  even the stuff that contradicts the other stuff! We started out like Romeo and Juliet, but it ended up in tragedy. Uh, no, you got the wrong number. This is 9-12.

I''m normally not a praying man, but if you''re up there, please save me, Superman.','2017-06-01 00:06:13','2017-07-02 00:53:07.127085','2017-07-02 00:53:07.127095','published',1,'Sample short description',NULL);
INSERT INTO "blog_post" VALUES(2,'Second Post','second-post','Whoa, this guy''s straight?

Did you enjoy your meal, Mom? You drank it fast enough. Now, when you do this without getting punched in the chest, you''ll have more fun. Guy''s a pro. That''s why you always leave a note! Across from where?

Get me a vodka rocks. And a piece of toast. No, I did not kill Kitty. However, I am going to oblige and answer the nice officer''s questions because I am an honest man with no secrets to hide. I''m a monster.

As you may or may not know, Lindsay and I have hit a bit of a rough patch.

Well, what do you expect, mother? Oh, you''re gonna be in a coma, all right. We just call it a sausage. What''s Spanish for "I know you speak English?" Army had half a day.','2017-06-01 00:07:15','2017-07-01 22:54:12.908854','2017-07-01 22:54:12.908868','published',1,'Sample short description',NULL);
INSERT INTO "blog_post" VALUES(3,'One for the road','one-for-the-road','<p>Post body.</p>','2017-06-01 00:40:39','2017-09-06 23:57:17.362845','2017-09-06 23:57:17.362871','draft',1,'Sample short description','BlogC_4CiiQOw.jpg');
INSERT INTO "blog_post" VALUES(4,'2nd time','2nd-time','<p>Hello world</p>','2017-06-01 00:46:16','2017-09-06 23:57:03.615995','2017-09-06 23:57:03.616020','published',1,'Sample short description','BlogB.jpg');
INSERT INTO "blog_post" VALUES(5,'Markdown Example','markdown-example','<figure><img src="/media/MyLogoDraft.jpg" data-image="MyLogoDraft.jpg"></figure>
<p><br></p>
<p><br></p>
<figure><img src="/media/logoD_b4sDq3p.jpg" data-image="logoD.jpg"></figure>
<p><br></p>
<p>-----------</p>
<p><iframe width="854" height="480" src="https://www.youtube.com/embed/dM8Q1XBRq8M" frameborder="0" allowfullscreen=""></iframe><br></p>
<p>----------</p>
<p><strong>Hello World!!!!</strong><br></p>
<ol><li>Hey</li><li>You</li></ol>
<p>This is a post formatted with markdown<br>--------------------------------------<br>*This is emphasized* and **this is more emphasized**.<br>Here is a list:<br>* One<br>* Two<br>* Three<br>And a [link to the Django website](https:/www.djangoproject.com/)</p>','2017-06-11 00:20:42','2017-09-06 23:56:49.804463','2017-09-06 23:56:49.804487','published',1,'This can be anything we want.','BlogA.jpg');
CREATE TABLE "wagtailcore_collectionviewrestriction" ("id" integer NOT NULL PRIMARY KEY AUTOINCREMENT, "restriction_type" varchar(20) NOT NULL, "password" varchar(255) NOT NULL, "collection_id" integer NOT NULL REFERENCES "wagtailcore_collection" ("id"));
CREATE TABLE "wagtailcore_collectionviewrestriction_groups" ("id" integer NOT NULL PRIMARY KEY AUTOINCREMENT, "collectionviewrestriction_id" integer NOT NULL REFERENCES "wagtailcore_collectionviewrestriction" ("id"), "group_id" integer NOT NULL REFERENCES "auth_group" ("id"));
CREATE TABLE "wagtailcore_pageviewrestriction_groups" ("id" integer NOT NULL PRIMARY KEY AUTOINCREMENT, "pageviewrestriction_id" integer NOT NULL REFERENCES "wagtailcore_pageviewrestriction" ("id"), "group_id" integer NOT NULL REFERENCES "auth_group" ("id"));
CREATE TABLE "wagtailgridder_gridindexgriditemrelationship" ("id" integer NOT NULL PRIMARY KEY AUTOINCREMENT, "sort_order" integer NULL, "grid_item_id" integer NOT NULL REFERENCES "wagtailgridder_griditem" ("page_ptr_id"), "grid_relationship_id" integer NOT NULL REFERENCES "wagtailgridder_gridindexpage" ("page_ptr_id"));
CREATE TABLE "homepage_services" ("id" integer NOT NULL PRIMARY KEY AUTOINCREMENT, "services_headline_text" varchar(250) NOT NULL, "services_body" text NOT NULL, "glyph_icon" varchar(250) NOT NULL, "active" bool NOT NULL, "release_date" date NOT NULL);
INSERT INTO "homepage_services" VALUES(1,'CLEAN CODE','Sample short descriptionRemember the time he ate my goldfish? And you lied and said I never had goldfish. Then why did I have the bowl, Bart? *Why did I have the bowl?* Your questions have become more redundant and annoying than the last three "Highlander" movies.','fa-instagram',1,'2017-08-18');
INSERT INTO "homepage_services" VALUES(2,'RESPONSIVE DESIGN','Fat Tony is a cancer on this fair city! He is the cancer and I am theuhwhat cures cancer? Get ready, skanks! It''s time for the truth train! Your guilty consciences may make you vote Democratic, but secretly you all yearn for a Republican president to lower taxes, brutalize criminals, and rule you like a king!!!','fa-bank',1,'2017-09-08');
INSERT INTO "homepage_services" VALUES(3,'FREE SUPPORT & UPDATE','Don''t kid yourself, Jimmy. If a cow ever got the chance, he''d eat you and everyone you care about! I''ll keep it short and sweet  Family. Religion. Friendship. These are the three demons you must slay if you wish to succeed in business.','fa-twitter',1,'2017-08-18');
INSERT INTO "homepage_services" VALUES(4,'Personal Security','What you lookin at? You all a bunch of fuckin assholes. You know why? You dont have the guts to be what you wanna be? You need people like me. You need people like me so you can point your fuckin fingers and say, Thats the bad guy. So what that make you? Good? Youre not good. You just know how to hide, how to lie. Me, I dont have that problem. Me, I always tell the truth. Even when I lie. So say good night to the bad guy! Come on. The last time you gonna see a bad guy like this again, let me tell you. Come on. Make way for the bad guy. Theres a bad guy comin through! Better get outta his way!','fa fa-amazon',0,'2017-09-03');
CREATE TABLE "homepage_team" ("id" integer NOT NULL PRIMARY KEY AUTOINCREMENT, "name" varchar(250) NOT NULL, "person_title" varchar(250) NOT NULL, "bio" text NOT NULL, "image" varchar(100) NULL, "read_more_link_txt" varchar(100) NOT NULL, "active" bool NOT NULL, "release_date" date NOT NULL);
INSERT INTO "homepage_team" VALUES(1,'Elena W','The Boss','I am currently doing a career change. I was previously in management for 3 years and I am transitioning into social media marketing.','ElenaPic_tf9pgi3.jpg','Read More',1,'2017-09-08');
INSERT INTO "homepage_team" VALUES(2,'Jeremy G','The Consigliere','Jeremy is focused on the future and is looking to expand 901WebStudios to Philadelphia.','Team-Jeremy.jpg','Read More',1,'2017-08-18');
INSERT INTO "homepage_team" VALUES(3,'Arya ESSCG1','The Mascot','Simply put Arya is a princess and is the inspirational force behind MarketingByE.','Team-Arya.jpg','Read More',1,'2017-08-18');
INSERT INTO "homepage_team" VALUES(4,'Whitney C','The Capo','Whitney helps us web guys in the ole word department. Soon to be a doctor, the future is bright for this rising star in South Philadelphia.','Team-Whitney.jpg','Read More',1,'2017-08-18');
CREATE TABLE "homepage_about" ("id" integer NOT NULL PRIMARY KEY AUTOINCREMENT, "about_headline_text" varchar(250) NOT NULL, "about_body" text NOT NULL, "image" varchar(100) NULL, "active" bool NOT NULL, "release_date" date NOT NULL);
INSERT INTO "homepage_about" VALUES(1,'About MarketingByE','How could you?! Haven''t you learned anything from that guy who gives those sermons at church? Captain Whatshisname? We live in a society of laws! Why do you think I took you to all those Police Academy movies? For fun? Well, I didn''t hear anybody laughing, did you? Except at that guy who made sound effects. Makes sound effects and laughs. Where was I? Oh yeah! Stay out of my booze. Kids, we need to talk for a moment about Krusty Brand Chew Goo Gum Like Substance. We all knew it contained spider eggs, but the hantavirus? That came out of left field. So if you''re experiencing numbness and/or comas, send five dollars to antidote, PO box','social-media-management-package.png',1,'2017-08-18');
CREATE TABLE "homepage_marquee" ("id" integer NOT NULL PRIMARY KEY AUTOINCREMENT, "welcome_text" varchar(250) NOT NULL, "headline_text" text NOT NULL, "button_text" varchar(50) NOT NULL, "button_link" varchar(150) NOT NULL, "image" varchar(100) NULL, "active" bool NOT NULL, "release_date" date NOT NULL, "color" varchar(10) NOT NULL);
INSERT INTO "homepage_marquee" VALUES(1,'Welcome to MarketingByE','We will create your next Marketing Campaign','More Info','http://www.google.com','Dog09032017.jpg',1,'2017-08-18','FFFF00');
CREATE TABLE "photologue_photoeffect" ("id" integer NOT NULL PRIMARY KEY AUTOINCREMENT, "name" varchar(30) NOT NULL UNIQUE, "description" text NOT NULL, "transpose_method" varchar(15) NOT NULL, "color" real NOT NULL, "brightness" real NOT NULL, "contrast" real NOT NULL, "sharpness" real NOT NULL, "filters" varchar(200) NOT NULL, "reflection_size" real NOT NULL, "reflection_strength" real NOT NULL, "background_color" varchar(7) NOT NULL);
CREATE TABLE "photologue_watermark" ("id" integer NOT NULL PRIMARY KEY AUTOINCREMENT, "name" varchar(30) NOT NULL UNIQUE, "description" text NOT NULL, "image" varchar(100) NOT NULL, "style" varchar(5) NOT NULL, "opacity" real NOT NULL);
CREATE TABLE "photologue_photosize" ("id" integer NOT NULL PRIMARY KEY AUTOINCREMENT, "name" varchar(40) NOT NULL UNIQUE, "width" integer unsigned NOT NULL, "height" integer unsigned NOT NULL, "quality" integer unsigned NOT NULL, "upscale" bool NOT NULL, "crop" bool NOT NULL, "pre_cache" bool NOT NULL, "increment_count" bool NOT NULL, "effect_id" integer NULL REFERENCES "photologue_photoeffect" ("id"), "watermark_id" integer NULL REFERENCES "photologue_watermark" ("id"));
INSERT INTO "photologue_photosize" VALUES(1,'admin_thumbnail',100,75,70,0,1,1,0,NULL,NULL);
INSERT INTO "photologue_photosize" VALUES(2,'thumbnail',600,400,70,0,1,1,0,NULL,NULL);
INSERT INTO "photologue_photosize" VALUES(3,'display',400,0,70,0,0,1,1,NULL,NULL);
CREATE TABLE "photologue_gallery_photos" ("id" integer NOT NULL PRIMARY KEY AUTOINCREMENT, "gallery_id" integer NOT NULL REFERENCES "photologue_gallery" ("id"), "sort_value" integer NOT NULL, "photo_id" integer NOT NULL REFERENCES "photologue_photo" ("id"));
INSERT INTO "photologue_gallery_photos" VALUES(6,1,1,1);
INSERT INTO "photologue_gallery_photos" VALUES(7,1,2,2);
INSERT INTO "photologue_gallery_photos" VALUES(8,1,3,17);
INSERT INTO "photologue_gallery_photos" VALUES(9,1,4,15);
INSERT INTO "photologue_gallery_photos" VALUES(10,1,5,14);
INSERT INTO "photologue_gallery_photos" VALUES(11,1,6,13);
INSERT INTO "photologue_gallery_photos" VALUES(12,1,7,16);
INSERT INTO "photologue_gallery_photos" VALUES(13,1,8,6);
INSERT INTO "photologue_gallery_photos" VALUES(14,1,9,4);
INSERT INTO "photologue_gallery_photos" VALUES(15,1,10,12);
INSERT INTO "photologue_gallery_photos" VALUES(16,1,11,3);
INSERT INTO "photologue_gallery_photos" VALUES(17,1,12,11);
INSERT INTO "photologue_gallery_photos" VALUES(18,1,13,10);
INSERT INTO "photologue_gallery_photos" VALUES(19,1,14,9);
INSERT INTO "photologue_gallery_photos" VALUES(20,1,15,8);
INSERT INTO "photologue_gallery_photos" VALUES(21,1,16,7);
INSERT INTO "photologue_gallery_photos" VALUES(22,1,17,5);
CREATE TABLE "photologue_gallery_sites" ("id" integer NOT NULL PRIMARY KEY AUTOINCREMENT, "gallery_id" integer NOT NULL REFERENCES "photologue_gallery" ("id"), "site_id" integer NOT NULL REFERENCES "django_site" ("id"));
INSERT INTO "photologue_gallery_sites" VALUES(1,1,2);
CREATE TABLE "photologue_photo_sites" ("id" integer NOT NULL PRIMARY KEY AUTOINCREMENT, "photo_id" integer NOT NULL REFERENCES "photologue_photo" ("id"), "site_id" integer NOT NULL REFERENCES "django_site" ("id"));
INSERT INTO "photologue_photo_sites" VALUES(1,1,2);
INSERT INTO "photologue_photo_sites" VALUES(2,2,2);
INSERT INTO "photologue_photo_sites" VALUES(3,3,2);
INSERT INTO "photologue_photo_sites" VALUES(4,4,2);
INSERT INTO "photologue_photo_sites" VALUES(5,5,2);
INSERT INTO "photologue_photo_sites" VALUES(6,6,2);
INSERT INTO "photologue_photo_sites" VALUES(7,7,2);
INSERT INTO "photologue_photo_sites" VALUES(8,8,2);
INSERT INTO "photologue_photo_sites" VALUES(9,9,2);
INSERT INTO "photologue_photo_sites" VALUES(10,10,2);
INSERT INTO "photologue_photo_sites" VALUES(11,11,2);
INSERT INTO "photologue_photo_sites" VALUES(12,12,2);
INSERT INTO "photologue_photo_sites" VALUES(13,13,2);
INSERT INTO "photologue_photo_sites" VALUES(14,14,2);
INSERT INTO "photologue_photo_sites" VALUES(15,15,2);
INSERT INTO "photologue_photo_sites" VALUES(16,16,2);
INSERT INTO "photologue_photo_sites" VALUES(17,17,2);
CREATE TABLE "photologue_gallery" ("id" integer NOT NULL PRIMARY KEY AUTOINCREMENT, "date_added" datetime NOT NULL, "slug" varchar(250) NOT NULL UNIQUE, "description" text NOT NULL, "is_public" bool NOT NULL, "title" varchar(250) NOT NULL UNIQUE);
INSERT INTO "photologue_gallery" VALUES(1,'2017-09-17 00:37:23','dogs','This is a gallery about Dogs.',1,'Dogs');
CREATE TABLE "photologue_photo" ("id" integer NOT NULL PRIMARY KEY AUTOINCREMENT, "image" varchar(100) NOT NULL, "date_taken" datetime NULL, "view_count" integer unsigned NOT NULL, "crop_from" varchar(10) NOT NULL, "slug" varchar(250) NOT NULL UNIQUE, "caption" text NOT NULL, "date_added" datetime NOT NULL, "is_public" bool NOT NULL, "effect_id" integer NULL REFERENCES "photologue_photoeffect" ("id"), "title" varchar(250) NOT NULL UNIQUE);
INSERT INTO "photologue_photo" VALUES(1,'photologue/photos/DogC.jpg',NULL,284,'center','dog-days','Cool dog pic','2017-09-17 00:39:40',0,NULL,'Dog Days');
INSERT INTO "photologue_photo" VALUES(2,'photologue/photos/DogB.jpg',NULL,967,'center','cool-dogs','Really cool dogs','2017-09-17 00:41:46',1,NULL,'Cool Dogs');
INSERT INTO "photologue_photo" VALUES(3,'photologue/photos/DogC_qr3TsYW.jpg',NULL,921,'center','chilling-dog','This dog knows how to chill.','2017-09-17 00:42:15',1,NULL,'Chilling Dog');
INSERT INTO "photologue_photo" VALUES(4,'photologue/photos/DogD.jpg',NULL,924,'center','smart-dog','Very smart dog.','2017-09-17 00:42:42',1,NULL,'Smart Dog');
INSERT INTO "photologue_photo" VALUES(5,'photologue/photos/Dog1.jpg',NULL,623,'center','max','','2017-11-12 00:28:11',1,NULL,'Max');
INSERT INTO "photologue_photo" VALUES(6,'photologue/photos/Dog2.jpg',NULL,648,'center','charlie','','2017-11-12 00:33:04',1,NULL,'Charlie');
INSERT INTO "photologue_photo" VALUES(7,'photologue/photos/Dog3.jpeg',NULL,627,'center','buddy','','2017-11-12 00:33:46',1,NULL,'Buddy');
INSERT INTO "photologue_photo" VALUES(8,'photologue/photos/Dog4.jpg',NULL,629,'center','cooper','','2017-11-12 00:34:01',1,NULL,'Cooper');
INSERT INTO "photologue_photo" VALUES(9,'photologue/photos/Dog5.jpg',NULL,630,'center','bear','','2017-11-12 00:34:15',1,NULL,'Bear');
INSERT INTO "photologue_photo" VALUES(10,'photologue/photos/Dog6.jpg',NULL,632,'center','bentley','','2017-11-12 00:34:31',1,NULL,'Bentley');
INSERT INTO "photologue_photo" VALUES(11,'photologue/photos/Dog7.jpg',NULL,639,'center','tucker','','2017-11-12 00:34:58',1,NULL,'Tucker');
INSERT INTO "photologue_photo" VALUES(12,'photologue/photos/Dog8.jpg',NULL,644,'center','winston','','2017-11-12 00:35:12',1,NULL,'Winston');
INSERT INTO "photologue_photo" VALUES(13,'photologue/photos/Dog9.jpeg',NULL,657,'center','hank','','2017-11-12 00:35:26',1,NULL,'Hank');
INSERT INTO "photologue_photo" VALUES(14,'photologue/photos/Dog10.jpg',NULL,662,'center','loki','','2017-11-12 00:36:27',1,NULL,'Loki');
INSERT INTO "photologue_photo" VALUES(15,'photologue/photos/Dog11.jpg',NULL,664,'center','marley','','2017-11-12 00:36:46',1,NULL,'Marley');
INSERT INTO "photologue_photo" VALUES(16,'photologue/photos/Dog12.jpg',NULL,650,'center','jazzy','','2017-11-12 00:37:47',1,NULL,'Jazzy');
INSERT INTO "photologue_photo" VALUES(17,'photologue/photos/Dog13.jpg',NULL,670,'center','moose','','2017-11-12 00:38:03',1,NULL,'Moose');
CREATE TABLE "homepage_skill" ("id" integer NOT NULL PRIMARY KEY AUTOINCREMENT, "name" varchar(250) NOT NULL, "link" varchar(250) NOT NULL, "release_date" date NOT NULL, "active" bool NOT NULL, "css_class" varchar(50) NOT NULL);
INSERT INTO "homepage_skill" VALUES(1,'PRINT','','2017-11-09',1,'print');
INSERT INTO "homepage_skill" VALUES(2,'RESPONSIVE','','2017-11-09',1,'responsive');
INSERT INTO "homepage_skill" VALUES(3,'UI DESIGN','','2017-11-09',1,'ui');
INSERT INTO "homepage_skill" VALUES(4,'BRANDING','','2017-11-09',1,'branding');
INSERT INTO "homepage_skill" VALUES(5,'EVENT PLANNING','','2017-11-09',1,'motion');
INSERT INTO "homepage_skill" VALUES(6,'BLOGING','','2017-11-09',1,'bloging');
INSERT INTO "homepage_skill" VALUES(7,'MOBILE APP','','2017-11-09',1,'mobile');
INSERT INTO "homepage_skill" VALUES(8,'E-COMMERCE','','2017-11-09',1,'e-commerc');
INSERT INTO "homepage_skill" VALUES(9,'HTML5','','2017-11-09',1,'html5');
INSERT INTO "homepage_skill" VALUES(10,'MARKETING BYE','','2017-11-11',1,'logo');
CREATE TABLE "homepage_testimonial" ("id" integer NOT NULL PRIMARY KEY AUTOINCREMENT, "name" varchar(250) NOT NULL, "title" varchar(250) NOT NULL, "image" varchar(100) NULL, "testimonial_text" text NOT NULL, "release_date" date NOT NULL, "active" bool NOT NULL);
INSERT INTO "homepage_testimonial" VALUES(1,'Steve Jobs','CEO','Jobs-Thumb.jpg','I think if you do something and it turns out pretty good, then you should go do something else wonderful, not dwell on it for too long. Just figure out whats next.','2017-11-09',1);
INSERT INTO "homepage_testimonial" VALUES(2,'Albert Einstein','Inventor','Einstein-Thumb.jpg','Every day I remind myself that my inner and outer life are based on the labors of other men, living and dead, and that I must exert myself in order to give in the same measure as I have received and am still receiving.','2017-11-09',1);
INSERT INTO "homepage_testimonial" VALUES(3,'Tom Petty','Musician','Petty-Thumb.jpg','Go after what you really love and find a way to make that work for you, and then you''ll be a happy person.','2017-11-09',1);
INSERT INTO "homepage_testimonial" VALUES(4,'John Wooden','Coach','Wooden-Thumb.jpg','The most important thing in the world is family and love.','2017-11-09',1);
CREATE TABLE "homepage_partner" ("id" integer NOT NULL PRIMARY KEY AUTOINCREMENT, "name" varchar(250) NOT NULL, "image" varchar(100) NOT NULL, "link" varchar(250) NOT NULL, "release_date" date NOT NULL, "active" bool NOT NULL, "link_txt" varchar(100) NOT NULL);
INSERT INTO "homepage_partner" VALUES(1,'Learning Tree','learningtree-logo_6yPPM7h.png','https://www.learningtree.com','2017-11-12',1,'Learn More');
INSERT INTO "homepage_partner" VALUES(2,'Microsoft','microsoft-logo_CFNkOnx.png','www.microsoft.com','2017-11-12',1,'More information');
INSERT INTO "homepage_partner" VALUES(3,'Udacity','udacity-logo_157kbB5.png','https://www.udacity.com','2017-11-12',1,'Udacity Info');
INSERT INTO "homepage_partner" VALUES(4,'W3Schools','w3schools-logo_pLvmQ7Z.png','https://www.w3schools.com/','2017-11-12',1,'Learning from the best');
CREATE TABLE "homepage_title" ("id" integer NOT NULL PRIMARY KEY AUTOINCREMENT, "name" varchar(250) NOT NULL, "section_number" integer unsigned NOT NULL UNIQUE, "release_date" date NOT NULL, "active" bool NOT NULL, "color_class" varchar(8) NOT NULL);
INSERT INTO "homepage_title" VALUES(1,'About',1,'2017-11-17',1,'blackTxt');
INSERT INTO "homepage_title" VALUES(2,'News',2,'2017-11-17',1,'blackTxt');
INSERT INTO "homepage_title" VALUES(3,'Team',3,'2017-11-17',1,'blackTxt');
INSERT INTO "homepage_title" VALUES(4,'Certifications',4,'2017-11-17',1,'whiteTxt');
INSERT INTO "homepage_title" VALUES(5,'Services',5,'2017-11-17',1,'blackTxt');
INSERT INTO "homepage_title" VALUES(6,'Contact',6,'2017-11-17',1,'whiteTxt');
INSERT INTO "homepage_title" VALUES(7,'Skills',7,'2017-11-17',0,'whiteTxt');
INSERT INTO "homepage_title" VALUES(8,'Quotes',8,'2017-11-17',1,'whiteTxt');
INSERT INTO "homepage_title" VALUES(9,'What we do',9,'2017-11-25',1,'blackTxt');
INSERT INTO "homepage_title" VALUES(10,'How we do it',10,'2017-11-25',1,'blackTxt');
CREATE TABLE "homepage_whatwedo" ("id" integer NOT NULL PRIMARY KEY AUTOINCREMENT, "whatwedo_body" text NOT NULL, "release_date" date NOT NULL, "active" bool NOT NULL);
INSERT INTO "homepage_whatwedo" VALUES(1,'Meet Renown, our review marketing and reputation management platform that helps your business generate positive reviews while making sure your brand is protected online. Renown helps you take control of your businesss online reputation with an automated review marketing strategy.','2017-11-25',1);
CREATE TABLE "homepage_howwedo" ("id" integer NOT NULL PRIMARY KEY AUTOINCREMENT, "title" varchar(250) NOT NULL, "image" varchar(100) NULL, "description" text NOT NULL, "release_date" date NOT NULL, "active" bool NOT NULL);
INSERT INTO "homepage_howwedo" VALUES(1,'Review Generation','sentiment-tracking.png','Well help your business build consumer trust with a steady stream of new reviews.','2017-11-25',1);
INSERT INTO "homepage_howwedo" VALUES(2,'Brand Protection','brand-protection.png','Youll stay in control of your online reputation with our brand monitoring services.','2017-11-25',1);
INSERT INTO "homepage_howwedo" VALUES(3,'Instant Alerts','gather-reviews.png','Receive an instant email alert or text message when a customer posts a new review.','2017-11-25',1);
INSERT INTO "homepage_howwedo" VALUES(4,'Intelligent Analytics','review-generation.png','Track review growth, sentiment, star rating and ROI in your analytics dashboard.','2017-11-26',1);
CREATE TABLE "wagtailcore_page" ("id" integer NOT NULL PRIMARY KEY AUTOINCREMENT, "path" varchar(255) NOT NULL UNIQUE, "depth" integer unsigned NOT NULL, "numchild" integer unsigned NOT NULL, "title" varchar(255) NOT NULL, "slug" varchar(255) NOT NULL, "live" bool NOT NULL, "has_unpublished_changes" bool NOT NULL, "url_path" text NOT NULL, "seo_title" varchar(255) NOT NULL, "show_in_menus" bool NOT NULL, "search_description" text NOT NULL, "go_live_at" datetime NULL, "expire_at" datetime NULL, "expired" bool NOT NULL, "content_type_id" integer NOT NULL REFERENCES "django_content_type" ("id"), "owner_id" integer NULL REFERENCES "auth_user" ("id"), "locked" bool NOT NULL, "latest_revision_created_at" datetime NULL, "first_published_at" datetime NULL, "live_revision_id" integer NULL REFERENCES "wagtailcore_pagerevision" ("id"), "last_published_at" datetime NULL, "draft_title" varchar(255) NOT NULL);
INSERT INTO "wagtailcore_page" VALUES(1,'0001',1,1,'Root','root',1,0,'/','',0,'',NULL,NULL,0,12,NULL,0,NULL,NULL,NULL,NULL,'Root');
INSERT INTO "wagtailcore_page" VALUES(2,'00010001',2,2,'Welcome to your new Wagtail site!','home',1,0,'/home/','',0,'',NULL,NULL,0,12,NULL,0,NULL,NULL,NULL,NULL,'Welcome to your new Wagtail site!');
INSERT INTO "wagtailcore_page" VALUES(3,'000100010001',3,0,'Working in West Philly','working-west-philly',1,0,'/home/working-west-philly/','',0,'',NULL,NULL,0,34,2,0,'2017-06-17 20:29:53.262646','2017-06-17 20:29:53.434037',NULL,'2017-06-17 20:29:53.262646','Working in West Philly');
INSERT INTO "wagtailcore_page" VALUES(4,'000100010002',3,0,'Please work mother fucker','please-work-mother-fucker',1,0,'/home/please-work-mother-fucker/','',0,'',NULL,NULL,0,37,3,0,'2017-12-01 02:28:23.140566','2017-12-01 02:12:40.042523',4,'2017-12-01 02:28:23.514275','Please work mother fucker');
CREATE TABLE "cms_blogpage" ("page_ptr_id" integer NOT NULL PRIMARY KEY REFERENCES "wagtailcore_page" ("id"), "body" text NOT NULL, "publish" datetime NOT NULL, "created" datetime NOT NULL, "updated" datetime NOT NULL, "status" varchar(10) NOT NULL, "author" varchar(250) NOT NULL);
INSERT INTO "cms_blogpage" VALUES(4,'I was ashamed to be SEEN with you. I like being with you. I care deeply for nature. Army had half a day. No! I was ashamed to be SEEN with you. I like being with you. Guy''s a pro. He''ll want to use your yacht, and I don''t want this thing smelling like fish.<br/><br/>Bad news. Andy Griffith turned us down. He didn''t like his trailer. Steve Holt! Steve Holt! I don''t criticize you! And if you''re worried about criticism, sometimes a diet is the best defense.<br/><br/>That''s what it said on ''Ask Jeeves.'' I don''t understand the question, and I won''t respond to it. It''s called ''taking advantage.'' It''s what gets you ahead in life. Oh, you''re gonna be in a coma, all right.<br/><br/>There''s only one man I''ve ever called a coward, and that''s Brian Doyle Murray. No, what I''m calling you is a television actor. Not tricks, Michael, illusions. I care deeply for nature. But I bought a yearbook ad from you, doesn''t that mean anything anymore?<br/><br/>Now, when you do this without getting punched in the chest, you''ll have more fun. Now, when you do this without getting punched in the chest, you''ll have more fun. No but I''d like to be asked! Now, when you do this without getting punched in the chest, you''ll have more fun.<br/><br/>I''ve opened a door here that I regret. Army had half a day. I hear the jury''s still out on science. First place chick is hot, but has an attitude, doesn''t date magicians. Marry me.<br/><br/>That''s why you always leave a note! It''s a hug, Michael. I''m hugging you. I''m half machine. I''m a monster. I''m a monster.<br/><br/>I''ve opened a door here that I regret. Army had half a day. Army had half a day. There''s so many poorly chosen words in that sentence. Steve Holt! Across from where?<br/><br/><p>Guy''s a pro. I care deeply for nature. First place chick is hot, but has an attitude, doesn''t date magicians. Bad news. Andy Griffith turned us down. He didn''t like his trailer. Not tricks, Michael, illusions.</p>','2017-12-01 02:12:25.002000','2017-12-01 02:28:23.731337','2017-12-01 02:28:23.731375','draft','');
DELETE FROM sqlite_sequence;
INSERT INTO "sqlite_sequence" VALUES('django_migrations',160);
INSERT INTO "sqlite_sequence" VALUES('django_admin_log',158);
INSERT INTO "sqlite_sequence" VALUES('django_content_type',53);
INSERT INTO "sqlite_sequence" VALUES('auth_permission',157);
INSERT INTO "sqlite_sequence" VALUES('auth_user',3);
INSERT INTO "sqlite_sequence" VALUES('blog_comment',2);
INSERT INTO "sqlite_sequence" VALUES('taggit_tag',7);
INSERT INTO "sqlite_sequence" VALUES('taggit_taggeditem',10);
INSERT INTO "sqlite_sequence" VALUES('django_site',2);
INSERT INTO "sqlite_sequence" VALUES('auth_group',2);
INSERT INTO "sqlite_sequence" VALUES('wagtailcore_site',1);
INSERT INTO "sqlite_sequence" VALUES('wagtailcore_collection',1);
INSERT INTO "sqlite_sequence" VALUES('auth_group_permissions',14);
INSERT INTO "sqlite_sequence" VALUES('wagtailcore_pagerevision',4);
INSERT INTO "sqlite_sequence" VALUES('wagtailcore_pageviewrestriction',0);
INSERT INTO "sqlite_sequence" VALUES('wagtailcore_grouppagepermission',6);
INSERT INTO "sqlite_sequence" VALUES('wagtailcore_groupcollectionpermission',8);
INSERT INTO "sqlite_sequence" VALUES('wagtaildocs_document',0);
INSERT INTO "sqlite_sequence" VALUES('wagtailforms_formsubmission',0);
INSERT INTO "sqlite_sequence" VALUES('wagtailimages_image',1);
INSERT INTO "sqlite_sequence" VALUES('wagtailimages_rendition',1);
INSERT INTO "sqlite_sequence" VALUES('wagtailredirects_redirect',0);
INSERT INTO "sqlite_sequence" VALUES('wagtailsearch_editorspick',0);
INSERT INTO "sqlite_sequence" VALUES('wagtailusers_userprofile',0);
INSERT INTO "sqlite_sequence" VALUES('blog_post',5);
INSERT INTO "sqlite_sequence" VALUES('wagtailcore_pageviewrestriction_groups',0);
INSERT INTO "sqlite_sequence" VALUES('wagtailgridder_gridindexgriditemrelationship',0);
INSERT INTO "sqlite_sequence" VALUES('homepage_services',4);
INSERT INTO "sqlite_sequence" VALUES('homepage_team',4);
INSERT INTO "sqlite_sequence" VALUES('homepage_about',1);
INSERT INTO "sqlite_sequence" VALUES('homepage_marquee',1);
INSERT INTO "sqlite_sequence" VALUES('photologue_photosize',3);
INSERT INTO "sqlite_sequence" VALUES('photologue_gallery_photos',22);
INSERT INTO "sqlite_sequence" VALUES('photologue_gallery_sites',1);
INSERT INTO "sqlite_sequence" VALUES('photologue_photo_sites',17);
INSERT INTO "sqlite_sequence" VALUES('photologue_gallery',1);
INSERT INTO "sqlite_sequence" VALUES('photologue_photo',17);
INSERT INTO "sqlite_sequence" VALUES('homepage_skill',10);
INSERT INTO "sqlite_sequence" VALUES('homepage_testimonial',4);
INSERT INTO "sqlite_sequence" VALUES('homepage_partner',4);
INSERT INTO "sqlite_sequence" VALUES('homepage_title',10);
INSERT INTO "sqlite_sequence" VALUES('homepage_whatwedo',1);
INSERT INTO "sqlite_sequence" VALUES('homepage_howwedo',4);
INSERT INTO "sqlite_sequence" VALUES('wagtailcore_page',4);
CREATE UNIQUE INDEX "auth_group_permissions_group_id_permission_id_0cd325b0_uniq" ON "auth_group_permissions" ("group_id", "permission_id");
CREATE INDEX "auth_group_permissions_group_id_b120cbf9" ON "auth_group_permissions" ("group_id");
CREATE INDEX "auth_group_permissions_permission_id_84c5c92e" ON "auth_group_permissions" ("permission_id");
CREATE UNIQUE INDEX "auth_user_groups_user_id_group_id_94350c0c_uniq" ON "auth_user_groups" ("user_id", "group_id");
CREATE INDEX "auth_user_groups_user_id_6a12ed8b" ON "auth_user_groups" ("user_id");
CREATE INDEX "auth_user_groups_group_id_97559544" ON "auth_user_groups" ("group_id");
CREATE UNIQUE INDEX "auth_user_user_permissions_user_id_permission_id_14a6b632_uniq" ON "auth_user_user_permissions" ("user_id", "permission_id");
CREATE INDEX "auth_user_user_permissions_user_id_a95ead1b" ON "auth_user_user_permissions" ("user_id");
CREATE INDEX "auth_user_user_permissions_permission_id_1fbb5f2c" ON "auth_user_user_permissions" ("permission_id");
CREATE INDEX "django_admin_log_content_type_id_c4bce8eb" ON "django_admin_log" ("content_type_id");
CREATE INDEX "django_admin_log_user_id_c564eba6" ON "django_admin_log" ("user_id");
CREATE UNIQUE INDEX "django_content_type_app_label_model_76bd3d3b_uniq" ON "django_content_type" ("app_label", "model");
CREATE UNIQUE INDEX "auth_permission_content_type_id_codename_01ab375a_uniq" ON "auth_permission" ("content_type_id", "codename");
CREATE INDEX "auth_permission_content_type_id_2f476e4b" ON "auth_permission" ("content_type_id");
CREATE INDEX "django_session_expire_date_a5c62663" ON "django_session" ("expire_date");
CREATE INDEX "blog_comment_post_id_580e96ef" ON "blog_comment" ("post_id");
CREATE INDEX "taggit_taggeditem_object_id_e2d7d1df" ON "taggit_taggeditem" ("object_id");
CREATE INDEX "taggit_taggeditem_content_type_id_9957a03c" ON "taggit_taggeditem" ("content_type_id");
CREATE INDEX "taggit_taggeditem_tag_id_f4f5b767" ON "taggit_taggeditem" ("tag_id");
CREATE INDEX "taggit_taggeditem_content_type_id_object_id_196cc965_idx" ON "taggit_taggeditem" ("content_type_id", "object_id");
CREATE UNIQUE INDEX "wagtailcore_site_hostname_port_2c626d70_uniq" ON "wagtailcore_site" ("hostname", "port");
CREATE INDEX "wagtailcore_site_hostname_96b20b46" ON "wagtailcore_site" ("hostname");
CREATE INDEX "wagtailcore_site_root_page_id_e02fb95c" ON "wagtailcore_site" ("root_page_id");
CREATE UNIQUE INDEX "wagtailcore_groupcollectionpermission_group_id_collection_id_permission_id_a21cefe9_uniq" ON "wagtailcore_groupcollectionpermission" ("group_id", "collection_id", "permission_id");
CREATE INDEX "wagtailcore_groupcollectionpermission_collection_id_5423575a" ON "wagtailcore_groupcollectionpermission" ("collection_id");
CREATE INDEX "wagtailcore_groupcollectionpermission_group_id_05d61460" ON "wagtailcore_groupcollectionpermission" ("group_id");
CREATE INDEX "wagtailcore_groupcollectionpermission_permission_id_1b626275" ON "wagtailcore_groupcollectionpermission" ("permission_id");
CREATE INDEX "wagtailcore_pagerevision_submitted_for_moderation_c682e44c" ON "wagtailcore_pagerevision" ("submitted_for_moderation");
CREATE INDEX "wagtailcore_pagerevision_page_id_d421cc1d" ON "wagtailcore_pagerevision" ("page_id");
CREATE INDEX "wagtailcore_pagerevision_user_id_2409d2f4" ON "wagtailcore_pagerevision" ("user_id");
CREATE INDEX "wagtailcore_pagerevision_created_at_66954e3b" ON "wagtailcore_pagerevision" ("created_at");
CREATE INDEX "wagtailcore_pageviewrestriction_page_id_15a8bea6" ON "wagtailcore_pageviewrestriction" ("page_id");
CREATE UNIQUE INDEX "wagtailcore_grouppagepermission_group_id_page_id_permission_type_0898bdf8_uniq" ON "wagtailcore_grouppagepermission" ("group_id", "page_id", "permission_type");
CREATE INDEX "wagtailcore_grouppagepermission_group_id_fc07e671" ON "wagtailcore_grouppagepermission" ("group_id");
CREATE INDEX "wagtailcore_grouppagepermission_page_id_710b114a" ON "wagtailcore_grouppagepermission" ("page_id");
CREATE INDEX "wagtaildocs_document_collection_id_23881625" ON "wagtaildocs_document" ("collection_id");
CREATE INDEX "wagtaildocs_document_uploaded_by_user_id_17258b41" ON "wagtaildocs_document" ("uploaded_by_user_id");
CREATE UNIQUE INDEX "wagtailembeds_embed_url_max_width_8a2922d8_uniq" ON "wagtailembeds_embed" ("url", "max_width");
CREATE INDEX "wagtailforms_formsubmission_page_id_e48e93e7" ON "wagtailforms_formsubmission" ("page_id");
CREATE INDEX "wagtailimages_image_created_at_86fa6cd4" ON "wagtailimages_image" ("created_at");
CREATE INDEX "wagtailimages_image_uploaded_by_user_id_5d73dc75" ON "wagtailimages_image" ("uploaded_by_user_id");
CREATE INDEX "wagtailimages_image_collection_id_c2f8af7e" ON "wagtailimages_image" ("collection_id");
CREATE UNIQUE INDEX "wagtailimages_rendition_image_id_filter_spec_focal_point_key_323c8fe0_uniq" ON "wagtailimages_rendition" ("image_id", "filter_spec", "focal_point_key");
CREATE INDEX "wagtailimages_rendition_image_id_3e1fd774" ON "wagtailimages_rendition" ("image_id");
CREATE INDEX "wagtailimages_rendition_filter_spec_1cba3201" ON "wagtailimages_rendition" ("filter_spec");
CREATE UNIQUE INDEX "wagtailredirects_redirect_old_path_site_id_783622d7_uniq" ON "wagtailredirects_redirect" ("old_path", "site_id");
CREATE INDEX "wagtailredirects_redirect_old_path_bb35247b" ON "wagtailredirects_redirect" ("old_path");
CREATE INDEX "wagtailredirects_redirect_redirect_page_id_b5728a8f" ON "wagtailredirects_redirect" ("redirect_page_id");
CREATE INDEX "wagtailredirects_redirect_site_id_780a0e1e" ON "wagtailredirects_redirect" ("site_id");
CREATE UNIQUE INDEX "wagtailsearch_querydailyhits_query_id_date_1dd232e6_uniq" ON "wagtailsearch_querydailyhits" ("query_id", "date");
CREATE INDEX "wagtailsearch_querydailyhits_query_id_2185994b" ON "wagtailsearch_querydailyhits" ("query_id");
CREATE INDEX "wagtailsearch_editorspick_query_id_c6eee4a0" ON "wagtailsearch_editorspick" ("query_id");
CREATE INDEX "wagtailsearch_editorspick_page_id_28cbc274" ON "wagtailsearch_editorspick" ("page_id");
CREATE UNIQUE INDEX "wagtailgridder_griditem_categories_griditem_id_gridcategory_id_0dc640c5_uniq" ON "wagtailgridder_griditem_categories" ("griditem_id", "gridcategory_id");
CREATE INDEX "wagtailgridder_griditem_categories_griditem_id_d3a400b6" ON "wagtailgridder_griditem_categories" ("griditem_id");
CREATE INDEX "wagtailgridder_griditem_categories_gridcategory_id_6eaf8b4f" ON "wagtailgridder_griditem_categories" ("gridcategory_id");
CREATE INDEX "wagtailgridder_gridindexpage_featured_grid_item_1_id_69324588" ON "wagtailgridder_gridindexpage" ("featured_grid_item_1_id");
CREATE INDEX "wagtailgridder_gridindexpage_featured_grid_item_2_id_9ca63706" ON "wagtailgridder_gridindexpage" ("featured_grid_item_2_id");
CREATE INDEX "wagtailgridder_gridindexpage_hero_background_image_id_6d997ea9" ON "wagtailgridder_gridindexpage" ("hero_background_image_id");
CREATE INDEX "wagtailgridder_gridindexpage_hero_logo_image_id_f8d91c26" ON "wagtailgridder_gridindexpage" ("hero_logo_image_id");
CREATE INDEX "wagtailgridder_griditem_description_image_id_7fcb8311" ON "wagtailgridder_griditem" ("description_image_id");
CREATE INDEX "wagtailgridder_griditem_summary_image_id_d92757b9" ON "wagtailgridder_griditem" ("summary_image_id");
CREATE INDEX "cms_blogpagerelatedlink_page_id_38048933" ON "cms_blogpagerelatedlink" ("page_id");
CREATE INDEX "cms_comment_blogpage_id_e1c95bbc" ON "cms_comment" ("blogpage_id");
CREATE INDEX "blog_post_slug_b95473f2" ON "blog_post" ("slug");
CREATE INDEX "blog_post_author_id_dd7a8485" ON "blog_post" ("author_id");
CREATE INDEX "wagtailcore_collectionviewrestriction_collection_id_761908ec" ON "wagtailcore_collectionviewrestriction" ("collection_id");
CREATE UNIQUE INDEX "wagtailcore_collectionviewrestriction_groups_collectionviewrestriction_id_group_id_988995ae_uniq" ON "wagtailcore_collectionviewrestriction_groups" ("collectionviewrestriction_id", "group_id");
CREATE INDEX "wagtailcore_collectionviewrestriction_groups_collectionviewrestriction_id_47320efd" ON "wagtailcore_collectionviewrestriction_groups" ("collectionviewrestriction_id");
CREATE INDEX "wagtailcore_collectionviewrestriction_groups_group_id_1823f2a3" ON "wagtailcore_collectionviewrestriction_groups" ("group_id");
CREATE UNIQUE INDEX "wagtailcore_pageviewrestriction_groups_pageviewrestriction_id_group_id_d23f80bb_uniq" ON "wagtailcore_pageviewrestriction_groups" ("pageviewrestriction_id", "group_id");
CREATE INDEX "wagtailcore_pageviewrestriction_groups_pageviewrestriction_id_f147a99a" ON "wagtailcore_pageviewrestriction_groups" ("pageviewrestriction_id");
CREATE INDEX "wagtailcore_pageviewrestriction_groups_group_id_6460f223" ON "wagtailcore_pageviewrestriction_groups" ("group_id");
CREATE INDEX "wagtailgridder_gridindexgriditemrelationship_grid_item_id_9b56078c" ON "wagtailgridder_gridindexgriditemrelationship" ("grid_item_id");
CREATE INDEX "wagtailgridder_gridindexgriditemrelationship_grid_relationship_id_a461adef" ON "wagtailgridder_gridindexgriditemrelationship" ("grid_relationship_id");
CREATE INDEX "photologue_photosize_effect_id_1d9b1b30" ON "photologue_photosize" ("effect_id");
CREATE INDEX "photologue_photosize_watermark_id_f9419f99" ON "photologue_photosize" ("watermark_id");
CREATE UNIQUE INDEX "photologue_gallery_photos_gallery_id_photo_id_ac3d7969_uniq" ON "photologue_gallery_photos" ("gallery_id", "photo_id");
CREATE INDEX "photologue_gallery_photos_gallery_id_770eac69" ON "photologue_gallery_photos" ("gallery_id");
CREATE INDEX "photologue_gallery_photos_photo_id_38de5ebc" ON "photologue_gallery_photos" ("photo_id");
CREATE UNIQUE INDEX "photologue_gallery_sites_gallery_id_site_id_4158504d_uniq" ON "photologue_gallery_sites" ("gallery_id", "site_id");
CREATE INDEX "photologue_gallery_sites_gallery_id_263bc875" ON "photologue_gallery_sites" ("gallery_id");
CREATE INDEX "photologue_gallery_sites_site_id_ff8bed9d" ON "photologue_gallery_sites" ("site_id");
CREATE UNIQUE INDEX "photologue_photo_sites_photo_id_site_id_a8528863_uniq" ON "photologue_photo_sites" ("photo_id", "site_id");
CREATE INDEX "photologue_photo_sites_photo_id_1e4e4a98" ON "photologue_photo_sites" ("photo_id");
CREATE INDEX "photologue_photo_sites_site_id_a26b734c" ON "photologue_photo_sites" ("site_id");
CREATE INDEX "photologue_photo_effect_id_5f27aba5" ON "photologue_photo" ("effect_id");
CREATE INDEX "wagtailcore_page_slug_e7c11b8f" ON "wagtailcore_page" ("slug");
CREATE INDEX "wagtailcore_page_content_type_id_c28424df" ON "wagtailcore_page" ("content_type_id");
CREATE INDEX "wagtailcore_page_owner_id_fbf7c332" ON "wagtailcore_page" ("owner_id");
CREATE INDEX "wagtailcore_page_first_published_at_2b5dd637" ON "wagtailcore_page" ("first_published_at");
CREATE INDEX "wagtailcore_page_live_revision_id_930bd822" ON "wagtailcore_page" ("live_revision_id");
COMMIT;
